alg,num_kmers,time,k,omega
bb,939,73,6,1
dc,939,81,6,1
bb,955,65,6,1
dc,955,48,6,1
bb,784,58,6,1
dc,784,35,6,1
bb,1391,81,6,1
dc,1391,75,6,1
bb,1150,68,6,1
dc,1150,49,6,1
bb,1025,59,6,1
dc,1025,41,6,1
bb,1135,78,6,1
dc,1135,52,6,1
bb,936,54,6,1
dc,936,44,6,1
bb,1171,169,6,1
dc,1171,73,6,1
bb,976,103,6,1
dc,976,42,6,1
bb,1227,90,6,1
dc,1227,133,6,1
bb,957,173,6,1
dc,957,62,6,1
bb,1030,189,6,1
dc,1030,69,6,1
bb,841,256,6,1
dc,841,72,6,1
bb,1364,202,6,1
dc,1364,99,6,1
bb,1263,210,6,1
dc,1263,99,6,1
bb,1140,83,6,1
dc,1140,52,6,1
bb,776,55,6,1
dc,776,32,6,1
bb,808,54,6,1
dc,808,34,6,1
bb,1040,150,6,1
dc,1040,52,6,1
bb,1258,236,6,1
dc,1258,97,6,1
bb,1066,224,6,1
dc,1066,74,6,1
bb,1167,80,6,1
dc,1167,72,6,1
bb,863,54,6,1
dc,863,35,6,1
bb,1322,354,6,1
dc,1322,118,6,1
bb,1182,85,6,1
dc,1182,81,6,1
bb,937,63,6,1
dc,937,79,6,1
bb,1268,77,6,1
dc,1268,60,6,1
bb,698,63,6,1
dc,698,32,6,1
bb,640,50,6,1
dc,640,33,6,1
bb,1310,75,6,1
dc,1310,53,6,1
bb,1250,70,6,1
dc,1250,50,6,1
bb,1329,82,6,1
dc,1329,54,6,1
bb,1209,70,6,1
dc,1209,51,6,1
bb,911,53,6,1
dc,911,37,6,1
bb,620,55,6,1
dc,620,32,6,1
bb,780,50,6,1
dc,780,34,6,1
bb,776,57,6,1
dc,776,33,6,1
bb,992,58,6,1
dc,992,39,6,1
bb,897,59,6,1
dc,897,36,6,1
bb,1159,70,6,1
dc,1159,50,6,1
bb,935,69,6,1
dc,935,39,6,1
bb,1044,63,6,1
dc,1044,39,6,1
bb,807,59,6,1
dc,807,33,6,1
bb,1195,69,6,1
dc,1195,49,6,1
bb,1011,49,6,1
dc,1011,40,6,1
bb,866,62,6,1
dc,866,38,6,1
bb,1003,60,6,1
dc,1003,39,6,1
bb,1460,78,6,1
dc,1460,56,6,1
bb,1200,83,6,1
dc,1200,49,6,1
bb,884,68,6,1
dc,884,36,6,1
bb,989,62,6,1
dc,989,38,6,1
bb,1092,100,6,1
dc,1092,45,6,1
bb,915,67,6,1
dc,915,37,6,1
bb,1067,66,6,1
dc,1067,43,6,1
bb,1227,81,6,1
dc,1227,57,6,1
bb,1570,62,6,1
dc,1570,60,6,1
bb,1213,80,6,1
dc,1213,64,6,1
bb,955,66,6,1
dc,955,39,6,1
bb,1187,70,6,1
dc,1187,48,6,1
bb,1061,43,6,1
dc,1061,41,6,1
bb,782,56,6,1
dc,782,34,6,1
bb,940,60,6,1
dc,940,39,6,1
bb,1102,70,6,1
dc,1102,42,6,1
bb,1073,67,6,1
dc,1073,42,6,1
bb,879,65,6,1
dc,879,36,6,1
bb,868,53,6,1
dc,868,36,6,1
bb,652,52,6,1
dc,652,30,6,1
bb,997,60,6,1
dc,997,41,6,1
bb,968,70,6,1
dc,968,39,6,1
bb,1035,66,6,1
dc,1035,42,6,1
bb,1190,76,6,1
dc,1190,52,6,1
bb,1217,67,6,1
dc,1217,51,6,1
bb,1261,83,6,1
dc,1261,50,6,1
bb,759,51,6,1
dc,759,33,6,1
bb,943,50,6,1
dc,943,37,6,1
bb,1084,52,6,1
dc,1084,40,6,1
bb,1275,80,6,1
dc,1275,50,6,1
bb,1046,73,6,1
dc,1046,41,6,1
bb,837,63,6,1
dc,837,35,6,1
bb,1049,70,6,1
dc,1049,42,6,1
bb,1222,74,6,1
dc,1222,53,6,1
bb,1036,66,6,1
dc,1036,43,6,1
bb,1369,82,6,1
dc,1369,55,6,1
bb,1250,59,6,1
dc,1250,50,6,1
bb,1014,74,6,1
dc,1014,40,6,1
bb,971,68,6,1
dc,971,40,6,1
bb,1075,67,6,1
dc,1075,41,6,1
bb,1158,80,6,1
dc,1158,56,6,1
bb,1080,50,6,1
dc,1080,44,6,1
bb,993,68,6,1
dc,993,40,6,1
bb,760,59,6,1
dc,760,32,6,1
bb,879,56,6,1
dc,879,37,6,1
bb,1297,75,6,1
dc,1297,53,6,1
bb,832,52,6,1
dc,832,35,6,1
bb,868,58,6,1
dc,868,35,6,1
bb,984,59,6,1
dc,984,38,6,1
bb,1145,72,6,1
dc,1145,47,6,1
bb,1053,59,6,1
dc,1053,42,6,1
bb,847,62,6,1
dc,847,37,6,1
bb,908,61,6,1
dc,908,39,6,1
bb,1179,73,6,1
dc,1179,49,6,1
bb,902,64,6,1
dc,902,35,6,1
bb,794,52,6,1
dc,794,33,6,1
bb,1117,61,6,1
dc,1117,50,6,1
bb,1270,76,6,1
dc,1270,52,6,1
bb,1185,80,6,1
dc,1185,49,6,1
bb,1462,85,6,1
dc,1462,57,6,1
bb,949,72,6,1
dc,949,37,6,1
bb,1011,66,6,1
dc,1011,40,6,1
bb,1013,62,6,1
dc,1013,42,6,1
bb,715,58,6,1
dc,715,31,6,1
bb,1443,71,6,1
dc,1443,66,6,1
bb,777,130,6,1
dc,777,53,6,1
bb,1032,56,6,1
dc,1032,41,6,1
bb,1192,77,6,1
dc,1192,60,6,1
bb,950,55,6,1
dc,950,36,6,1
bb,1215,78,6,1
dc,1215,55,6,1
bb,1148,56,6,1
dc,1148,49,6,1
bb,1439,75,6,1
dc,1439,56,6,1
bb,1031,77,6,1
dc,1031,41,6,1
bb,790,52,6,1
dc,790,32,6,1
bb,987,54,6,1
dc,987,36,6,1
bb,981,61,6,1
dc,981,38,6,1
bb,1136,76,6,1
dc,1136,46,6,1
bb,1079,62,6,1
dc,1079,40,6,1
bb,1239,77,6,1
dc,1239,52,6,1
bb,1164,52,6,1
dc,1164,49,6,1
bb,1065,47,6,1
dc,1065,42,6,1
bb,979,65,6,1
dc,979,39,6,1
bb,1047,67,6,1
dc,1047,43,6,1
bb,1073,64,6,1
dc,1073,42,6,1
bb,748,60,6,1
dc,748,34,6,1
bb,1094,64,6,1
dc,1094,42,6,1
bb,1243,78,6,1
dc,1243,55,6,1
bb,1010,64,6,1
dc,1010,37,6,1
bb,1088,66,6,1
dc,1088,43,6,1
bb,1018,64,6,1
dc,1018,39,6,1
bb,873,63,6,1
dc,873,35,6,1
bb,1077,63,6,1
dc,1077,39,6,1
bb,816,60,6,1
dc,816,33,6,1
bb,1071,66,6,1
dc,1071,41,6,1
bb,1096,113,6,1
dc,1096,74,6,1
bb,776,65,6,1
dc,776,34,6,1
bb,858,61,6,1
dc,858,35,6,1
bb,1117,72,6,1
dc,1117,50,6,1
bb,748,62,6,1
dc,748,33,6,1
bb,1233,66,6,1
dc,1233,53,6,1
bb,1011,59,6,1
dc,1011,41,6,1
bb,1292,79,6,1
dc,1292,56,6,1
bb,925,71,6,1
dc,925,39,6,1
bb,1125,73,6,1
dc,1125,50,6,1
bb,1069,58,6,1
dc,1069,40,6,1
bb,1242,74,6,1
dc,1242,67,6,1
bb,863,43,6,1
dc,863,36,6,1
bb,1321,79,6,1
dc,1321,53,6,1
bb,1161,74,6,1
dc,1161,50,6,1
bb,1200,80,6,1
dc,1200,52,6,1
bb,597,54,6,1
dc,597,29,6,1
bb,961,51,6,1
dc,961,40,6,1
bb,980,62,6,1
dc,980,38,6,1
bb,963,63,6,1
dc,963,39,6,1
bb,1040,63,6,1
dc,1040,41,6,1
bb,874,65,6,1
dc,874,36,6,1
bb,1037,67,6,1
dc,1037,41,6,1
bb,1247,84,6,1
dc,1247,52,6,1
bb,1264,70,6,1
dc,1264,50,6,1
bb,934,59,6,1
dc,934,39,6,1
bb,901,61,6,1
dc,901,35,6,1
bb,1167,67,6,1
dc,1167,46,6,1
bb,883,52,6,1
dc,883,36,6,1
bb,1188,67,6,1
dc,1188,48,6,1
bb,1067,66,6,1
dc,1067,48,6,1
bb,1150,71,6,1
dc,1150,51,6,1
bb,843,52,6,1
dc,843,37,6,1
bb,1213,64,6,1
dc,1213,50,6,1
bb,1026,75,6,1
dc,1026,43,6,1
bb,1208,74,6,1
dc,1208,50,6,1
bb,859,59,6,1
dc,859,35,6,1
bb,943,60,6,1
dc,943,38,6,1
bb,1142,75,6,1
dc,1142,49,6,1
bb,1393,72,6,1
dc,1393,53,6,1
bb,963,62,6,1
dc,963,38,6,1
bb,1313,77,6,1
dc,1313,51,6,1
bb,1272,57,6,1
dc,1272,51,6,1
bb,769,66,6,1
dc,769,33,6,1
bb,1126,70,6,1
dc,1126,47,6,1
bb,1116,67,6,1
dc,1116,47,6,1
bb,954,52,6,1
dc,954,35,6,1
bb,1143,74,6,1
dc,1143,49,6,1
bb,1509,57,6,1
dc,1509,56,6,1
bb,1558,88,6,1
dc,1558,59,6,1
bb,653,63,6,1
dc,653,31,6,1
bb,1016,61,6,1
dc,1016,40,6,1
bb,867,67,6,1
dc,867,36,6,1
bb,767,56,6,1
dc,767,33,6,1
bb,1033,61,6,1
dc,1033,40,6,1
bb,1170,74,6,1
dc,1170,48,6,1
bb,1251,77,6,1
dc,1251,51,6,1
bb,777,58,6,1
dc,777,33,6,1
bb,720,41,6,1
dc,720,30,6,1
bb,1156,63,6,1
dc,1156,61,6,1
bb,1238,65,6,1
dc,1238,56,6,1
bb,1119,76,6,1
dc,1119,48,6,1
bb,1217,70,6,1
dc,1217,52,6,1
bb,891,53,6,1
dc,891,36,6,1
bb,722,55,6,1
dc,722,31,6,1
bb,1112,62,6,1
dc,1112,48,6,1
bb,1123,65,6,1
dc,1123,48,6,1
bb,1030,60,6,1
dc,1030,40,6,1
bb,1162,78,6,1
dc,1162,47,6,1
bb,952,56,6,1
dc,952,37,6,1
bb,1293,81,6,1
dc,1293,52,6,1
bb,930,56,6,1
dc,930,38,6,1
bb,1069,67,6,1
dc,1069,41,6,1
bb,1271,75,6,1
dc,1271,51,6,1
bb,1102,70,6,1
dc,1102,42,6,1
bb,1298,85,6,1
dc,1298,54,6,1
bb,999,58,6,1
dc,999,40,6,1
bb,878,64,6,1
dc,878,37,6,1
bb,848,58,6,1
dc,848,35,6,1
bb,1198,70,6,1
dc,1198,49,6,1
bb,1073,66,6,1
dc,1073,40,6,1
bb,874,62,6,1
dc,874,36,6,1
bb,1128,74,6,1
dc,1128,47,6,1
bb,925,62,6,1
dc,925,38,6,1
bb,1219,78,6,1
dc,1219,50,6,1
bb,1218,66,6,1
dc,1218,50,6,1
bb,913,54,6,1
dc,913,37,6,1
bb,1355,75,6,1
dc,1355,51,6,1
bb,913,51,6,1
dc,913,36,6,1
bb,881,58,6,1
dc,881,66,6,1
bb,858,49,6,1
dc,858,38,6,1
bb,998,64,6,1
dc,998,40,6,1
bb,916,59,6,1
dc,916,35,6,1
bb,1014,61,6,1
dc,1014,41,6,1
bb,949,64,6,1
dc,949,38,6,1
bb,998,63,6,1
dc,998,40,6,1
bb,1102,70,6,1
dc,1102,42,6,1
bb,952,69,6,1
dc,952,38,6,1
bb,1242,78,6,1
dc,1242,51,6,1
bb,1203,96,6,1
dc,1203,50,6,1
bb,903,61,6,1
dc,903,170,6,1
bb,1356,142,6,1
dc,1356,67,6,1
bb,1134,68,6,1
dc,1134,56,6,1
bb,1288,81,6,1
dc,1288,53,6,1
bb,970,70,6,1
dc,970,38,6,1
bb,1381,71,6,1
dc,1381,52,6,1
bb,928,74,6,1
dc,928,37,6,1
bb,1135,61,6,1
dc,1135,48,6,1
bb,817,49,6,1
dc,817,35,6,1
bb,936,50,6,1
dc,936,38,6,1
bb,1082,62,6,1
dc,1082,40,6,1
bb,1200,78,6,1
dc,1200,53,6,1
bb,1190,50,6,1
dc,1190,47,6,1
bb,693,57,6,1
dc,693,30,6,1
bb,926,48,6,1
dc,926,40,6,1
bb,983,67,6,1
dc,983,38,6,1
bb,890,53,6,1
dc,890,35,6,1
bb,817,74,6,1
dc,817,38,6,1
bb,889,57,6,1
dc,889,39,6,1
bb,989,64,6,1
dc,989,40,6,1
bb,784,58,6,1
dc,784,35,6,1
bb,1130,72,6,1
dc,1130,51,6,1
bb,1500,70,6,1
dc,1500,55,6,1
bb,579,58,6,1
dc,579,28,6,1
bb,957,56,6,1
dc,957,38,6,1
bb,651,57,6,1
dc,651,30,6,1
bb,1078,59,6,1
dc,1078,44,6,1
bb,883,59,6,1
dc,883,37,6,1
bb,1077,70,6,1
dc,1077,41,6,1
bb,883,57,6,1
dc,883,34,6,1
bb,1013,67,6,1
dc,1013,39,6,1
bb,1026,62,6,1
dc,1026,40,6,1
bb,757,58,6,1
dc,757,32,6,1
bb,1390,70,6,1
dc,1390,53,6,1
bb,1117,77,6,1
dc,1117,49,6,1
bb,1065,71,6,1
dc,1065,40,6,1
bb,1340,77,6,1
dc,1340,67,6,1
bb,1177,68,6,1
dc,1177,49,6,1
bb,854,57,6,1
dc,854,37,6,1
bb,863,62,6,1
dc,863,37,6,1
bb,1088,63,6,1
dc,1088,42,6,1
bb,683,60,6,1
dc,683,31,6,1
bb,1241,67,6,1
dc,1241,49,6,1
bb,1228,56,6,1
dc,1228,50,6,1
bb,1308,71,6,1
dc,1308,51,6,1
bb,993,53,6,1
dc,993,36,6,1
bb,923,60,6,1
dc,923,35,6,1
bb,1090,64,6,1
dc,1090,41,6,1
bb,882,66,6,1
dc,882,36,6,1
bb,765,55,6,1
dc,765,38,6,1
bb,819,54,6,1
dc,819,35,6,1
bb,769,53,6,1
dc,769,33,6,1
bb,1132,67,6,1
dc,1132,49,6,1
bb,828,46,6,1
dc,828,33,6,1
bb,1186,70,6,1
dc,1186,49,6,1
bb,1095,58,6,1
dc,1095,41,6,1
bb,1120,78,6,1
dc,1120,53,6,1
bb,1013,48,6,1
dc,1013,40,6,1
bb,3990,190,7,1
dc,3990,307,7,1
bb,5101,303,7,1
dc,5101,300,7,1
bb,2935,144,7,1
dc,2935,128,7,1
bb,4177,189,7,1
dc,4177,187,7,1
bb,5619,283,7,1
dc,5619,276,7,1
bb,2838,110,7,1
dc,2838,115,7,1
bb,3439,151,7,1
dc,3439,159,7,1
bb,3426,213,7,1
dc,3426,144,7,1
bb,4337,199,7,1
dc,4337,186,7,1
bb,3780,238,7,1
dc,3780,149,7,1
bb,5056,215,7,1
dc,5056,209,7,1
bb,3281,248,7,1
dc,3281,129,7,1
bb,2675,147,7,1
dc,2675,109,7,1
bb,4159,188,7,1
dc,4159,205,7,1
bb,3371,248,7,1
dc,3371,141,7,1
bb,3481,177,7,1
dc,3481,141,7,1
bb,4136,161,7,1
dc,4136,159,7,1
bb,5643,312,7,1
dc,5643,264,7,1
bb,4035,180,7,1
dc,4035,159,7,1
bb,3838,224,7,1
dc,3838,144,7,1
bb,4363,246,7,1
dc,4363,166,7,1
bb,4482,251,7,1
dc,4482,181,7,1
bb,4591,266,7,1
dc,4591,170,7,1
bb,3353,231,7,1
dc,3353,137,7,1
bb,2194,91,7,1
dc,2194,85,7,1
bb,3707,189,7,1
dc,3707,141,7,1
bb,3907,231,7,1
dc,3907,155,7,1
bb,4146,241,7,1
dc,4146,154,7,1
bb,3668,242,7,1
dc,3668,145,7,1
bb,4238,209,7,1
dc,4238,163,7,1
bb,4305,267,7,1
dc,4305,191,7,1
bb,3594,232,7,1
dc,3594,134,7,1
bb,3697,189,7,1
dc,3697,150,7,1
bb,4483,250,7,1
dc,4483,182,7,1
bb,4806,273,7,1
dc,4806,185,7,1
bb,3632,259,7,1
dc,3632,151,7,1
bb,2642,211,7,1
dc,2642,121,7,1
bb,4387,278,7,1
dc,4387,178,7,1
bb,3895,245,7,1
dc,3895,147,7,1
bb,5907,420,7,1
dc,5907,299,7,1
bb,4737,194,7,1
dc,4737,289,7,1
bb,4252,261,7,1
dc,4252,166,7,1
bb,3250,230,7,1
dc,3250,132,7,1
bb,3610,223,7,1
dc,3610,145,7,1
bb,3168,213,7,1
dc,3168,126,7,1
bb,3826,206,7,1
dc,3826,254,7,1
bb,4185,313,7,1
dc,4185,169,7,1
bb,4725,256,7,1
dc,4725,180,7,1
bb,3799,231,7,1
dc,3799,140,7,1
bb,3639,236,7,1
dc,3639,139,7,1
bb,3246,217,7,1
dc,3246,130,7,1
bb,3340,207,7,1
dc,3340,131,7,1
bb,4017,231,7,1
dc,4017,158,7,1
bb,3636,156,7,1
dc,3636,141,7,1
bb,3005,202,7,1
dc,3005,115,7,1
bb,4796,174,7,1
dc,4796,173,7,1
bb,3491,231,7,1
dc,3491,134,7,1
bb,3967,185,7,1
dc,3967,138,7,1
bb,3927,238,7,1
dc,3927,139,7,1
bb,3649,212,7,1
dc,3649,134,7,1
bb,3139,150,7,1
dc,3139,123,7,1
bb,4217,247,7,1
dc,4217,166,7,1
bb,4568,357,7,1
dc,4568,190,7,1
bb,2588,209,7,1
dc,2588,110,7,1
bb,4233,197,7,1
dc,4233,163,7,1
bb,3745,237,7,1
dc,3745,150,7,1
bb,4409,262,7,1
dc,4409,169,7,1
bb,4774,279,7,1
dc,4774,178,7,1
bb,4363,289,7,1
dc,4363,159,7,1
bb,5618,334,7,1
dc,5618,270,7,1
bb,4863,194,7,1
dc,4863,174,7,1
bb,3589,253,7,1
dc,3589,144,7,1
bb,3508,244,7,1
dc,3508,139,7,1
bb,4668,263,7,1
dc,4668,179,7,1
bb,3451,266,7,1
dc,3451,141,7,1
bb,2142,87,7,1
dc,2142,86,7,1
bb,4329,232,7,1
dc,4329,167,7,1
bb,4151,261,7,1
dc,4151,158,7,1
bb,4304,250,7,1
dc,4304,175,7,1
bb,3209,217,7,1
dc,3209,151,7,1
bb,3440,224,7,1
dc,3440,140,7,1
bb,3467,180,7,1
dc,3467,152,7,1
bb,3936,178,7,1
dc,3936,150,7,1
bb,3292,206,7,1
dc,3292,133,7,1
bb,3385,202,7,1
dc,3385,137,7,1
bb,3159,181,7,1
dc,3159,129,7,1
bb,4641,241,7,1
dc,4641,165,7,1
bb,4271,252,7,1
dc,4271,149,7,1
bb,4394,256,7,1
dc,4394,162,7,1
bb,4887,306,7,1
dc,4887,254,7,1
bb,3565,281,7,1
dc,3565,159,7,1
bb,3891,231,7,1
dc,3891,159,7,1
bb,4325,241,7,1
dc,4325,166,7,1
bb,3493,226,7,1
dc,3493,134,7,1
bb,3749,222,7,1
dc,3749,143,7,1
bb,3194,212,7,1
dc,3194,131,7,1
bb,3163,204,7,1
dc,3163,121,7,1
bb,3779,201,7,1
dc,3779,131,7,1
bb,4495,192,7,1
dc,4495,186,7,1
bb,3658,245,7,1
dc,3658,144,7,1
bb,2898,200,7,1
dc,2898,133,7,1
bb,3455,207,7,1
dc,3455,141,7,1
bb,3226,223,7,1
dc,3226,128,7,1
bb,4256,205,7,1
dc,4256,172,7,1
bb,4318,259,7,1
dc,4318,158,7,1
bb,4332,262,7,1
dc,4332,175,7,1
bb,3979,242,7,1
dc,3979,309,7,1
bb,4833,268,7,1
dc,4833,202,7,1
bb,4413,274,7,1
dc,4413,168,7,1
bb,4545,193,7,1
dc,4545,189,7,1
bb,4102,162,7,1
dc,4102,167,7,1
bb,3880,242,7,1
dc,3880,154,7,1
bb,4375,283,7,1
dc,4375,192,7,1
bb,2886,211,7,1
dc,2886,124,7,1
bb,2895,130,7,1
dc,2895,284,7,1
bb,3168,178,7,1
dc,3168,136,7,1
bb,3820,241,7,1
dc,3820,147,7,1
bb,4431,256,7,1
dc,4431,182,7,1
bb,3601,243,7,1
dc,3601,148,7,1
bb,3855,201,7,1
dc,3855,153,7,1
bb,3580,230,7,1
dc,3580,145,7,1
bb,3640,228,7,1
dc,3640,139,7,1
bb,3589,232,7,1
dc,3589,146,7,1
bb,3744,200,7,1
dc,3744,148,7,1
bb,5761,314,7,1
dc,5761,281,7,1
bb,4681,198,7,1
dc,4681,176,7,1
bb,3710,258,7,1
dc,3710,153,7,1
bb,3481,158,7,1
dc,3481,143,7,1
bb,3053,206,7,1
dc,3053,124,7,1
bb,3187,185,7,1
dc,3187,132,7,1
bb,4037,227,7,1
dc,4037,152,7,1
bb,4488,307,7,1
dc,4488,172,7,1
bb,4304,284,7,1
dc,4304,183,7,1
bb,3536,253,7,1
dc,3536,138,7,1
bb,3784,195,7,1
dc,3784,154,7,1
bb,5722,312,7,1
dc,5722,273,7,1
bb,3994,170,7,1
dc,3994,194,7,1
bb,5013,291,7,1
dc,5013,196,7,1
bb,3264,233,7,1
dc,3264,141,7,1
bb,4271,216,7,1
dc,4271,172,7,1
bb,3717,276,7,1
dc,3717,156,7,1
bb,5319,321,7,1
dc,5319,255,7,1
bb,4852,199,7,1
dc,4852,203,7,1
bb,3639,256,7,1
dc,3639,138,7,1
bb,3162,141,7,1
dc,3162,128,7,1
bb,3376,206,7,1
dc,3376,133,7,1
bb,2975,200,7,1
dc,2975,118,7,1
bb,3322,229,7,1
dc,3322,138,7,1
bb,3543,230,7,1
dc,3543,147,7,1
bb,4167,238,7,1
dc,4167,166,7,1
bb,3369,224,7,1
dc,3369,132,7,1
bb,4433,235,7,1
dc,4433,155,7,1
bb,4209,258,7,1
dc,4209,163,7,1
bb,3921,238,7,1
dc,3921,145,7,1
bb,4845,265,7,1
dc,4845,184,7,1
bb,3855,254,7,1
dc,3855,182,7,1
bb,4023,259,7,1
dc,4023,161,7,1
bb,5585,243,7,1
dc,5585,250,7,1
bb,3590,162,7,1
dc,3590,145,7,1
bb,3068,122,7,1
dc,3068,122,7,1
bb,4427,226,7,1
dc,4427,162,7,1
bb,5054,261,7,1
dc,5054,179,7,1
bb,3375,232,7,1
dc,3375,131,7,1
bb,3662,158,7,1
dc,3662,156,7,1
bb,4525,270,7,1
dc,4525,180,7,1
bb,4244,272,7,1
dc,4244,164,7,1
bb,3882,233,7,1
dc,3882,156,7,1
bb,3420,229,7,1
dc,3420,142,7,1
bb,4299,245,7,1
dc,4299,171,7,1
bb,4602,265,7,1
dc,4602,167,7,1
bb,3646,262,7,1
dc,3646,138,7,1
bb,2881,210,7,1
dc,2881,116,7,1
bb,3448,187,7,1
dc,3448,148,7,1
bb,3553,183,7,1
dc,3553,143,7,1
bb,2611,186,7,1
dc,2611,112,7,1
bb,4565,179,7,1
dc,4565,168,7,1
bb,3011,222,7,1
dc,3011,121,7,1
bb,4607,187,7,1
dc,4607,172,7,1
bb,3096,221,7,1
dc,3096,121,7,1
bb,3270,165,7,1
dc,3270,128,7,1
bb,4452,190,7,1
dc,4452,159,7,1
bb,3400,193,7,1
dc,3400,127,7,1
bb,3091,225,7,1
dc,3091,133,7,1
bb,3227,190,7,1
dc,3227,127,7,1
bb,3065,181,7,1
dc,3065,120,7,1
bb,3987,215,7,1
dc,3987,144,7,1
bb,2678,167,7,1
dc,2678,110,7,1
bb,4145,193,7,1
dc,4145,155,7,1
bb,4584,275,7,1
dc,4584,198,7,1
bb,3695,234,7,1
dc,3695,142,7,1
bb,3706,233,7,1
dc,3706,137,7,1
bb,5731,323,7,1
dc,5731,268,7,1
bb,2201,96,7,1
dc,2201,84,7,1
bb,4400,222,7,1
dc,4400,161,7,1
bb,2973,312,7,1
dc,2973,156,7,1
bb,3992,174,7,1
dc,3992,185,7,1
bb,4281,229,7,1
dc,4281,169,7,1
bb,3131,207,7,1
dc,3131,126,7,1
bb,3399,216,7,1
dc,3399,126,7,1
bb,4262,277,7,1
dc,4262,173,7,1
bb,4004,259,7,1
dc,4004,155,7,1
bb,4907,214,7,1
dc,4907,179,7,1
bb,4341,295,7,1
dc,4341,167,7,1
bb,4167,251,7,1
dc,4167,166,7,1
bb,3689,240,7,1
dc,3689,143,7,1
bb,3649,219,7,1
dc,3649,145,7,1
bb,5114,281,7,1
dc,5114,245,7,1
bb,5083,207,7,1
dc,5083,201,7,1
bb,5132,342,7,1
dc,5132,243,7,1
bb,2865,138,7,1
dc,2865,119,7,1
bb,4930,203,7,1
dc,4930,231,7,1
bb,4512,206,7,1
dc,4512,165,7,1
bb,3693,240,7,1
dc,3693,150,7,1
bb,3219,192,7,1
dc,3219,126,7,1
bb,4210,207,7,1
dc,4210,213,7,1
bb,3773,253,7,1
dc,3773,150,7,1
bb,3423,214,7,1
dc,3423,134,7,1
bb,3782,227,7,1
dc,3782,148,7,1
bb,2869,213,7,1
dc,2869,122,7,1
bb,3240,201,7,1
dc,3240,132,7,1
bb,4783,261,7,1
dc,4783,195,7,1
bb,2684,216,7,1
dc,2684,111,7,1
bb,2660,162,7,1
dc,2660,115,7,1
bb,2885,184,7,1
dc,2885,120,7,1
bb,2841,209,7,1
dc,2841,118,7,1
bb,3627,210,7,1
dc,3627,140,7,1
bb,3460,182,7,1
dc,3460,132,7,1
bb,3817,191,7,1
dc,3817,152,7,1
bb,3806,229,7,1
dc,3806,139,7,1
bb,4447,231,7,1
dc,4447,159,7,1
bb,3256,227,7,1
dc,3256,133,7,1
bb,3905,199,7,1
dc,3905,157,7,1
bb,4143,227,7,1
dc,4143,151,7,1
bb,3446,223,7,1
dc,3446,142,7,1
bb,4328,241,7,1
dc,4328,165,7,1
bb,3730,254,7,1
dc,3730,143,7,1
bb,4467,231,7,1
dc,4467,159,7,1
bb,3892,240,7,1
dc,3892,145,7,1
bb,2905,138,7,1
dc,2905,126,7,1
bb,3904,212,7,1
dc,3904,155,7,1
bb,4506,263,7,1
dc,4506,172,7,1
bb,4110,267,7,1
dc,4110,155,7,1
bb,4487,297,7,1
dc,4487,177,7,1
bb,3320,263,7,1
dc,3320,134,7,1
bb,4326,183,7,1
dc,4326,168,7,1
bb,5417,317,7,1
dc,5417,269,7,1
bb,3488,157,7,1
dc,3488,151,7,1
bb,2729,120,7,1
dc,2729,118,7,1
bb,2813,149,7,1
dc,2813,116,7,1
bb,3233,153,7,1
dc,3233,127,7,1
bb,3923,223,7,1
dc,3923,143,7,1
bb,3706,260,7,1
dc,3706,163,7,1
bb,4772,215,7,1
dc,4772,180,7,1
bb,4221,244,7,1
dc,4221,164,7,1
bb,3265,233,7,1
dc,3265,151,7,1
bb,2346,168,7,1
dc,2346,94,7,1
bb,4348,211,7,1
dc,4348,174,7,1
bb,4352,265,7,1
dc,4352,170,7,1
bb,3587,252,7,1
dc,3587,144,7,1
bb,2771,205,7,1
dc,2771,115,7,1
bb,3297,201,7,1
dc,3297,137,7,1
bb,4489,242,7,1
dc,4489,157,7,1
bb,4320,272,7,1
dc,4320,164,7,1
bb,4527,254,7,1
dc,4527,161,7,1
bb,3310,233,7,1
dc,3310,126,7,1
bb,4770,260,7,1
dc,4770,181,7,1
bb,3628,225,7,1
dc,3628,139,7,1
bb,3603,226,7,1
dc,3603,145,7,1
bb,2829,154,7,1
dc,2829,110,7,1
bb,4351,274,7,1
dc,4351,174,7,1
bb,5427,320,7,1
dc,5427,264,7,1
bb,4479,191,7,1
dc,4479,187,7,1
bb,3852,248,7,1
dc,3852,145,7,1
bb,2629,211,7,1
dc,2629,115,7,1
bb,3006,156,7,1
dc,3006,127,7,1
bb,3603,172,7,1
dc,3603,138,7,1
bb,2167,121,7,1
dc,2167,83,7,1
bb,3393,195,7,1
dc,3393,130,7,1
bb,3155,189,7,1
dc,3155,132,7,1
bb,3364,206,7,1
dc,3364,136,7,1
bb,4131,202,7,1
dc,4131,163,7,1
bb,3936,230,7,1
dc,3936,143,7,1
bb,2961,222,7,1
dc,2961,125,7,1
bb,4582,246,7,1
dc,4582,169,7,1
bb,2310,192,7,1
dc,2310,91,7,1
bb,3430,190,7,1
dc,3430,137,7,1
bb,3704,187,7,1
dc,3704,147,7,1
bb,4364,257,7,1
dc,4364,187,7,1
bb,3337,234,7,1
dc,3337,132,7,1
bb,4951,226,7,1
dc,4951,189,7,1
bb,3753,248,7,1
dc,3753,140,7,1
bb,4499,250,7,1
dc,4499,172,7,1
bb,3921,231,7,1
dc,3921,140,7,1
bb,4097,194,7,1
dc,4097,155,7,1
bb,3338,211,7,1
dc,3338,128,7,1
bb,4729,230,7,1
dc,4729,178,7,1
bb,5424,323,7,1
dc,5424,258,7,1
bb,4288,162,7,1
dc,4288,168,7,1
bb,2949,227,7,1
dc,2949,122,7,1
bb,3156,190,7,1
dc,3156,120,7,1
bb,9379,466,8,1
dc,9379,522,8,1
bb,12489,568,8,1
dc,12489,720,8,1
bb,10060,443,8,1
dc,10060,398,8,1
bb,12048,557,8,1
dc,12048,588,8,1
bb,12981,578,8,1
dc,12981,565,8,1
bb,15504,643,8,1
dc,15504,636,8,1
bb,12924,591,8,1
dc,12924,600,8,1
bb,12456,588,8,1
dc,12456,524,8,1
bb,11811,558,8,1
dc,11811,838,8,1
bb,14420,804,8,1
dc,14420,776,8,1
bb,17626,917,8,1
dc,17626,1267,8,1
bb,13170,773,8,1
dc,13170,744,8,1
bb,16463,627,8,1
dc,16463,710,8,1
bb,13887,609,8,1
dc,13887,583,8,1
bb,12601,535,8,1
dc,12601,582,8,1
bb,13382,584,8,1
dc,13382,528,8,1
bb,19112,713,8,1
dc,19112,687,8,1
bb,12547,569,8,1
dc,12547,597,8,1
bb,12299,570,8,1
dc,12299,502,8,1
bb,16873,850,8,1
dc,16873,868,8,1
bb,13785,582,8,1
dc,13785,599,8,1
bb,13301,590,8,1
dc,13301,512,8,1
bb,13975,804,8,1
dc,13975,565,8,1
bb,9323,434,8,1
dc,9323,395,8,1
bb,13566,543,8,1
dc,13566,527,8,1
bb,12718,560,8,1
dc,12718,533,8,1
bb,11045,488,8,1
dc,11045,450,8,1
bb,11372,491,8,1
dc,11372,442,8,1
bb,15051,618,8,1
dc,15051,1175,8,1
bb,12544,547,8,1
dc,12544,675,8,1
bb,15328,756,8,1
dc,15328,800,8,1
bb,13222,602,8,1
dc,13222,537,8,1
bb,8235,384,8,1
dc,8235,347,8,1
bb,11199,613,8,1
dc,11199,574,8,1
bb,11551,556,8,1
dc,11551,651,8,1
bb,10922,516,8,1
dc,10922,550,8,1
bb,12805,616,8,1
dc,12805,529,8,1
bb,9602,368,8,1
dc,9602,356,8,1
bb,13041,620,8,1
dc,13041,559,8,1
bb,23184,926,8,1
dc,23184,1129,8,1
bb,12663,598,8,1
dc,12663,564,8,1
bb,13780,586,8,1
dc,13780,546,8,1
bb,10410,538,8,1
dc,10410,478,8,1
bb,17248,739,8,1
dc,17248,697,8,1
bb,18330,751,8,1
dc,18330,749,8,1
bb,12012,525,8,1
dc,12012,484,8,1
bb,14973,600,8,1
dc,14973,621,8,1
bb,17340,729,8,1
dc,17340,655,8,1
bb,13172,519,8,1
dc,13172,728,8,1
bb,12910,580,8,1
dc,12910,623,8,1
bb,10524,522,8,1
dc,10524,496,8,1
bb,18102,646,8,1
dc,18102,739,8,1
bb,13005,552,8,1
dc,13005,573,8,1
bb,17719,748,8,1
dc,17718,722,8,1
bb,20862,950,8,1
dc,20862,1214,8,1
bb,12929,578,8,1
dc,12929,567,8,1
bb,9860,424,8,1
dc,9860,446,8,1
bb,10528,509,8,1
dc,10528,461,8,1
bb,15885,635,8,1
dc,15885,613,8,1
bb,12299,614,8,1
dc,12299,529,8,1
bb,16000,680,8,1
dc,16000,616,8,1
bb,13445,541,8,1
dc,13445,520,8,1
bb,8346,364,8,1
dc,8346,332,8,1
bb,17465,701,8,1
dc,17465,721,8,1
bb,20239,856,8,1
dc,20239,774,8,1
bb,13113,618,8,1
dc,13113,555,8,1
bb,13606,607,8,1
dc,13606,521,8,1
bb,14456,644,8,1
dc,14456,693,8,1
bb,12437,586,8,1
dc,12437,528,8,1
bb,11990,589,8,1
dc,11990,535,8,1
bb,16463,667,8,1
dc,16463,644,8,1
bb,11612,525,8,1
dc,11612,572,8,1
bb,16140,708,8,1
dc,16140,884,8,1
bb,13818,593,8,1
dc,13818,613,8,1
bb,9123,382,8,1
dc,9123,422,8,1
bb,18025,690,8,1
dc,18025,709,8,1
bb,14489,571,8,1
dc,14489,644,8,1
bb,14035,583,8,1
dc,14035,664,8,1
bb,10772,530,8,1
dc,10772,483,8,1
bb,16894,712,8,1
dc,16894,765,8,1
bb,8468,383,8,1
dc,8468,328,8,1
bb,11224,538,8,1
dc,11224,474,8,1
bb,13452,673,8,1
dc,13452,695,8,1
bb,14677,599,8,1
dc,14677,593,8,1
bb,16222,664,8,1
dc,16222,596,8,1
bb,10598,514,8,1
dc,10598,590,8,1
bb,13648,734,8,1
dc,13648,652,8,1
bb,16695,662,8,1
dc,16695,805,8,1
bb,14824,669,8,1
dc,14824,713,8,1
bb,14195,654,8,1
dc,14195,660,8,1
bb,16006,681,8,1
dc,16006,633,8,1
bb,12168,514,8,1
dc,12168,561,8,1
bb,19013,756,8,1
dc,19013,785,8,1
bb,20210,788,8,1
dc,20210,848,8,1
bb,17773,700,8,1
dc,17773,675,8,1
bb,16693,715,8,1
dc,16693,661,8,1
bb,17245,694,8,1
dc,17245,815,8,1
bb,11336,569,8,1
dc,11336,527,8,1
bb,11305,589,8,1
dc,11305,516,8,1
bb,17672,728,8,1
dc,17672,1049,8,1
bb,11456,593,8,1
dc,11456,504,8,1
bb,13308,754,8,1
dc,13308,556,8,1
bb,16598,678,8,1
dc,16598,637,8,1
bb,15714,904,8,1
dc,15714,646,8,1
bb,15950,655,8,1
dc,15950,582,8,1
bb,15600,740,8,1
dc,15600,627,8,1
bb,13062,586,8,1
dc,13062,517,8,1
bb,12061,580,8,1
dc,12061,760,8,1
bb,15599,662,8,1
dc,15599,721,8,1
bb,18810,769,8,1
dc,18810,710,8,1
bb,16408,759,8,1
dc,16408,678,8,1
bb,13110,622,8,1
dc,13110,501,8,1
bb,11193,544,8,1
dc,11193,484,8,1
bb,15880,696,8,1
dc,15880,905,8,1
bb,13937,696,8,1
dc,13937,614,8,1
bb,12577,530,8,1
dc,12577,607,8,1
bb,16368,767,8,1
dc,16368,625,8,1
bb,15323,605,8,1
dc,15323,600,8,1
bb,17208,735,8,1
dc,17208,698,8,1
bb,11143,714,8,1
dc,11143,488,8,1
bb,13499,611,8,1
dc,13499,554,8,1
bb,13825,539,8,1
dc,13825,515,8,1
bb,20818,881,8,1
dc,20818,1045,8,1
bb,12916,577,8,1
dc,12916,735,8,1
bb,14158,591,8,1
dc,14158,618,8,1
bb,18026,713,8,1
dc,18026,819,8,1
bb,10235,446,8,1
dc,10235,391,8,1
bb,14382,619,8,1
dc,14382,601,8,1
bb,13127,540,8,1
dc,13127,554,8,1
bb,17257,753,8,1
dc,17257,722,8,1
bb,15732,624,8,1
dc,15732,672,8,1
bb,14385,645,8,1
dc,14385,706,8,1
bb,14298,593,8,1
dc,14298,845,8,1
bb,12201,569,8,1
dc,12201,722,8,1
bb,16672,707,8,1
dc,16672,741,8,1
bb,16927,708,8,1
dc,16927,763,8,1
bb,7623,382,8,1
dc,7623,312,8,1
bb,11846,465,8,1
dc,11846,436,8,1
bb,13557,679,8,1
dc,13557,632,8,1
bb,14677,633,8,1
dc,14677,648,8,1
bb,16247,811,8,1
dc,16247,583,8,1
bb,12451,522,8,1
dc,12451,492,8,1
bb,15330,655,8,1
dc,15330,672,8,1
bb,12892,585,8,1
dc,12892,543,8,1
bb,14800,668,8,1
dc,14800,767,8,1
bb,16461,716,8,1
dc,16461,685,8,1
bb,15271,664,8,1
dc,15271,679,8,1
bb,13461,655,8,1
dc,13461,558,8,1
bb,16705,614,8,1
dc,16705,758,8,1
bb,14727,673,8,1
dc,14727,648,8,1
bb,13895,759,8,1
dc,13895,733,8,1
bb,14842,700,8,1
dc,14842,637,8,1
bb,15014,626,8,1
dc,15014,631,8,1
bb,17097,693,8,1
dc,17097,719,8,1
bb,14939,573,8,1
dc,14939,553,8,1
bb,10497,507,8,1
dc,10497,480,8,1
bb,13373,733,8,1
dc,13373,973,8,1
bb,9848,400,8,1
dc,9848,365,8,1
bb,11613,579,8,1
dc,11613,514,8,1
bb,13279,594,8,1
dc,13279,532,8,1
bb,15826,650,8,1
dc,15826,628,8,1
bb,11612,895,8,1
dc,11612,542,8,1
bb,12718,553,8,1
dc,12718,503,8,1
bb,16859,741,8,1
dc,16859,716,8,1
bb,14157,638,8,1
dc,14157,839,8,1
bb,17850,900,8,1
dc,17850,906,8,1
bb,15032,656,8,1
dc,15032,810,8,1
bb,13953,578,8,1
dc,13953,557,8,1
bb,15212,664,8,1
dc,15212,551,8,1
bb,11705,616,8,1
dc,11705,505,8,1
bb,12227,598,8,1
dc,12227,1159,8,1
bb,14097,779,8,1
dc,14097,759,8,1
bb,14438,602,8,1
dc,14438,591,8,1
bb,16863,628,8,1
dc,16863,889,8,1
bb,17697,804,8,1
dc,17697,838,8,1
bb,16366,765,8,1
dc,16366,872,8,1
bb,11727,517,8,1
dc,11727,489,8,1
bb,17765,771,8,1
dc,17765,737,8,1
bb,18716,683,8,1
dc,18716,718,8,1
bb,16253,686,8,1
dc,16253,708,8,1
bb,13173,632,8,1
dc,13173,530,8,1
bb,11386,527,8,1
dc,11386,484,8,1
bb,14311,565,8,1
dc,14311,545,8,1
bb,9816,446,8,1
dc,9816,376,8,1
bb,11900,701,8,1
dc,11900,679,8,1
bb,16815,670,8,1
dc,16815,687,8,1
bb,16077,749,8,1
dc,16077,630,8,1
bb,17380,698,8,1
dc,17380,672,8,1
bb,10631,546,8,1
dc,10631,498,8,1
bb,9174,384,8,1
dc,9174,328,8,1
bb,17281,691,8,1
dc,17281,815,8,1
bb,11591,573,8,1
dc,11591,698,8,1
bb,16322,814,8,1
dc,16322,664,8,1
bb,10460,498,8,1
dc,10460,452,8,1
bb,13909,560,8,1
dc,13909,716,8,1
bb,17328,706,8,1
dc,17328,800,8,1
bb,13616,631,8,1
dc,13616,630,8,1
bb,14282,645,8,1
dc,14282,557,8,1
bb,8474,380,8,1
dc,8474,333,8,1
bb,13731,554,8,1
dc,13731,546,8,1
bb,10101,416,8,1
dc,10101,426,8,1
bb,19993,750,8,1
dc,19993,1109,8,1
bb,16175,662,8,1
dc,16175,603,8,1
bb,16020,713,8,1
dc,16020,641,8,1
bb,15649,685,8,1
dc,15649,611,8,1
bb,15930,784,8,1
dc,15930,783,8,1
bb,13995,572,8,1
dc,13995,550,8,1
bb,11585,553,8,1
dc,11585,527,8,1
bb,15182,587,8,1
dc,15182,619,8,1
bb,11880,703,8,1
dc,11880,525,8,1
bb,8097,338,8,1
dc,8097,409,8,1
bb,15558,598,8,1
dc,15558,737,8,1
bb,13687,528,8,1
dc,13687,525,8,1
bb,11979,517,8,1
dc,11979,495,8,1
bb,10588,629,8,1
dc,10588,586,8,1
bb,15363,655,8,1
dc,15363,601,8,1
bb,12827,487,8,1
dc,12827,727,8,1
bb,15290,696,8,1
dc,15290,758,8,1
bb,6425,348,8,1
dc,6425,285,8,1
bb,14094,588,8,1
dc,14094,581,8,1
bb,18892,722,8,1
dc,18892,881,8,1
bb,14390,603,8,1
dc,14390,598,8,1
bb,12074,588,8,1
dc,12074,602,8,1
bb,11919,558,8,1
dc,11919,474,8,1
bb,13461,639,8,1
dc,13461,560,8,1
bb,14078,634,8,1
dc,14078,568,8,1
bb,13596,609,8,1
dc,13596,545,8,1
bb,15704,836,8,1
dc,15704,757,8,1
bb,16209,619,8,1
dc,16209,593,8,1
bb,17158,857,8,1
dc,17158,713,8,1
bb,12218,624,8,1
dc,12218,541,8,1
bb,17517,837,8,1
dc,17517,678,8,1
bb,12441,550,8,1
dc,12441,479,8,1
bb,16788,740,8,1
dc,16788,804,8,1
bb,14076,558,8,1
dc,14076,515,8,1
bb,14439,594,8,1
dc,14439,717,8,1
bb,10423,499,8,1
dc,10423,822,8,1
bb,17722,718,8,1
dc,17722,827,8,1
bb,13600,569,8,1
dc,13600,518,8,1
bb,11464,541,8,1
dc,11464,464,8,1
bb,13269,613,8,1
dc,13269,551,8,1
bb,14939,638,8,1
dc,14939,576,8,1
bb,15013,686,8,1
dc,15013,556,8,1
bb,11454,545,8,1
dc,11454,476,8,1
bb,11178,553,8,1
dc,11178,532,8,1
bb,14274,569,8,1
dc,14274,536,8,1
bb,14558,649,8,1
dc,14558,568,8,1
bb,20727,853,8,1
dc,20727,870,8,1
bb,19829,750,8,1
dc,19829,827,8,1
bb,20267,762,8,1
dc,20267,719,8,1
bb,15370,713,8,1
dc,15370,623,8,1
bb,17855,769,8,1
dc,17855,705,8,1
bb,13043,713,8,1
dc,13043,607,8,1
bb,10261,417,8,1
dc,10261,374,8,1
bb,12491,554,8,1
dc,12491,570,8,1
bb,14807,650,8,1
dc,14807,620,8,1
bb,14710,650,8,1
dc,14710,582,8,1
bb,14695,577,8,1
dc,14695,559,8,1
bb,9207,399,8,1
dc,9207,356,8,1
bb,15265,568,8,1
dc,15265,598,8,1
bb,13168,622,8,1
dc,13168,556,8,1
bb,12785,580,8,1
dc,12785,533,8,1
bb,13193,517,8,1
dc,13193,497,8,1
bb,14971,655,8,1
dc,14971,622,8,1
bb,11760,537,8,1
dc,11760,473,8,1
bb,12401,569,8,1
dc,12401,632,8,1
bb,13560,601,8,1
dc,13560,847,8,1
bb,12548,620,8,1
dc,12548,515,8,1
bb,15359,637,8,1
dc,15359,617,8,1
bb,15669,665,8,1
dc,15669,618,8,1
bb,13014,630,8,1
dc,13014,564,8,1
bb,14418,677,8,1
dc,14418,664,8,1
bb,16223,673,8,1
dc,16223,804,8,1
bb,13464,579,8,1
dc,13464,524,8,1
bb,12397,555,8,1
dc,12397,535,8,1
bb,15432,598,8,1
dc,15432,552,8,1
bb,12278,516,8,1
dc,12278,500,8,1
bb,14796,670,8,1
dc,14796,610,8,1
bb,16003,633,8,1
dc,16003,558,8,1
bb,12519,620,8,1
dc,12519,524,8,1
bb,17652,668,8,1
dc,17652,716,8,1
bb,14633,589,8,1
dc,14633,558,8,1
bb,14199,591,8,1
dc,14199,546,8,1
bb,17505,685,8,1
dc,17505,842,8,1
bb,11796,527,8,1
dc,11796,477,8,1
bb,13122,608,8,1
dc,13122,516,8,1
bb,12466,676,8,1
dc,12466,586,8,1
bb,11108,559,8,1
dc,11108,506,8,1
bb,10007,406,8,1
dc,10007,378,8,1
bb,15136,584,8,1
dc,15136,619,8,1
bb,11759,536,8,1
dc,11759,496,8,1
bb,12363,594,8,1
dc,12363,541,8,1
bb,15936,871,8,1
dc,15936,632,8,1
bb,16622,756,8,1
dc,16622,772,8,1
bb,11584,599,8,1
dc,11584,558,8,1
bb,17002,763,8,1
dc,17002,829,8,1
bb,15142,671,8,1
dc,15142,847,8,1
bb,10087,448,8,1
dc,10087,393,8,1
bb,20141,930,8,1
dc,20141,981,8,1
bb,12796,559,8,1
dc,12796,536,8,1
bb,50398,2554,9,1
dc,50398,4186,9,1
bb,54082,4280,9,1
dc,54082,4203,9,1
bb,64561,2904,9,1
dc,64561,4649,9,1
bb,40645,1825,9,1
dc,40645,2199,9,1
bb,48523,3019,9,1
dc,48523,3055,9,1
bb,43644,3420,9,1
dc,43645,2643,9,1
bb,51442,2534,9,1
dc,51442,3249,9,1
bb,75717,5058,9,1
dc,75717,5026,9,1
bb,44636,2668,9,1
dc,44636,2512,9,1
bb,53062,3103,9,1
dc,53062,3244,9,1
bb,53131,3335,9,1
dc,53131,3323,9,1
bb,63091,3681,9,1
dc,63091,3241,9,1
bb,60365,2774,9,1
dc,60365,3947,9,1
bb,80014,3197,9,1
dc,80014,5023,9,1
bb,55302,2901,9,1
dc,55302,3274,9,1
bb,50679,2878,9,1
dc,50679,2294,9,1
bb,44172,2056,9,1
dc,44172,2395,9,1
bb,58882,2549,9,1
dc,58882,3030,9,1
bb,55200,2284,9,1
dc,55200,3462,9,1
bb,56219,2296,9,1
dc,56219,2430,9,1
bb,43190,2601,9,1
dc,43190,2038,9,1
bb,54839,2596,9,1
dc,54839,2784,9,1
bb,60162,3234,9,1
dc,60162,2649,9,1
bb,58423,2362,9,1
dc,58423,5361,9,1
bb,47637,6312,9,1
dc,47637,2341,9,1
bb,57903,4074,9,1
dc,57903,2912,9,1
bb,67029,2931,9,1
dc,67029,3996,9,1
bb,64288,3765,9,1
dc,64288,3792,9,1
bb,34172,1634,9,1
dc,34172,1558,9,1
bb,61858,2839,9,1
dc,61858,3863,9,1
bb,33759,1401,9,1
dc,33759,1926,9,1
bb,49053,2314,9,1
dc,49053,2308,9,1
bb,46862,2242,9,1
dc,46862,2995,9,1
bb,64468,2910,9,1
dc,64468,4043,9,1
bb,54324,2478,9,1
dc,54324,3432,9,1
bb,49684,3024,9,1
dc,49684,3520,9,1
bb,46695,2235,9,1
dc,46695,2729,9,1
bb,60420,2320,9,1
dc,60420,3136,9,1
bb,56314,2576,9,1
dc,56314,3064,9,1
bb,52760,2667,9,1
dc,52760,3579,9,1
bb,40687,2103,9,1
dc,40687,2141,9,1
bb,52791,2367,9,1
dc,52791,3365,9,1
bb,40626,1637,9,1
dc,40626,2566,9,1
bb,58374,3015,9,1
dc,58374,3432,9,1
bb,62365,2983,9,1
dc,62365,3567,9,1
bb,43742,2463,9,1
dc,43742,3338,9,1
bb,53385,2380,9,1
dc,53385,2640,9,1
bb,72586,3585,9,1
dc,72586,3186,9,1
bb,51195,3394,9,1
dc,51195,2375,9,1
bb,66820,2975,9,1
dc,66820,4121,9,1
bb,49462,2833,9,1
dc,49462,3361,9,1
bb,52200,2414,9,1
dc,52200,2338,9,1
bb,61617,2806,9,1
dc,61617,3476,9,1
bb,65040,2930,9,1
dc,65040,3423,9,1
bb,44808,2743,9,1
dc,44808,2776,9,1
bb,72620,3606,9,1
dc,72620,4148,9,1
bb,49390,3028,9,1
dc,49390,2468,9,1
bb,62855,3034,9,1
dc,62855,3363,9,1
bb,51305,2414,9,1
dc,51305,2622,9,1
bb,52904,2987,9,1
dc,52904,3733,9,1
bb,53019,2828,9,1
dc,53019,3867,9,1
bb,63921,3105,9,1
dc,63921,3607,9,1
bb,59712,3629,9,1
dc,59712,2871,9,1
bb,35510,1561,9,1
dc,35510,1646,9,1
bb,61095,3197,9,1
dc,61095,2881,9,1
bb,39539,1914,9,1
dc,39539,2008,9,1
bb,48375,2915,9,1
dc,48375,3084,9,1
bb,52349,2933,9,1
dc,52349,2345,9,1
bb,47934,2363,9,1
dc,47934,3437,9,1
bb,50807,2460,9,1
dc,50807,3144,9,1
bb,59700,2612,9,1
dc,59700,3901,9,1
bb,51275,2552,9,1
dc,51275,3632,9,1
bb,72791,2725,9,1
dc,72791,3186,9,1
bb,65008,3089,9,1
dc,65008,3107,9,1
bb,43222,2514,9,1
dc,43222,3146,9,1
bb,37745,2125,9,1
dc,37745,3294,9,1
bb,41109,2471,9,1
dc,41109,3246,9,1
bb,42151,3152,9,1
dc,42151,3237,9,1
bb,49372,2851,9,1
dc,49372,3518,9,1
bb,57460,2802,9,1
dc,57460,2986,9,1
bb,53373,2314,9,1
dc,53373,2892,9,1
bb,68120,3220,9,1
dc,68120,4659,9,1
bb,53535,3122,9,1
dc,53535,2633,9,1
bb,53295,2482,9,1
dc,53295,2764,9,1
bb,42950,3682,9,1
dc,42950,2583,9,1
bb,51362,2692,9,1
dc,51362,3574,9,1
bb,49195,3643,9,1
dc,49195,3913,9,1
bb,53927,2231,9,1
dc,53927,2429,9,1
bb,47534,2511,9,1
dc,47534,3292,9,1
bb,31894,1552,9,1
dc,31894,1780,9,1
bb,43813,2262,9,1
dc,43813,2932,9,1
bb,62958,2463,9,1
dc,62958,3602,9,1
bb,53838,3202,9,1
dc,53838,3459,9,1
bb,44684,2004,9,1
dc,44684,2441,9,1
bb,48743,2100,9,1
dc,48743,2856,9,1
bb,61478,2527,9,1
dc,61478,2946,9,1
bb,65508,2940,9,1
dc,65508,2774,9,1
bb,50135,2505,9,1
dc,50135,2746,9,1
bb,64326,3224,9,1
dc,64326,3321,9,1
bb,41505,1802,9,1
dc,41505,1741,9,1
bb,45020,2307,9,1
dc,45020,2242,9,1
bb,58486,2588,9,1
dc,58486,3338,9,1
bb,43212,2252,9,1
dc,43212,4461,9,1
bb,45570,2929,9,1
dc,45570,2415,9,1
bb,64074,3266,9,1
dc,64074,2750,9,1
bb,56302,2614,9,1
dc,56302,3717,9,1
bb,65013,2973,9,1
dc,65013,2933,9,1
bb,57903,2569,9,1
dc,57903,2860,9,1
bb,55753,2725,9,1
dc,55753,2741,9,1
bb,32180,1440,9,1
dc,32180,1346,9,1
bb,52977,2351,9,1
dc,52977,2352,9,1
bb,47504,2327,9,1
dc,47504,2698,9,1
bb,48375,2290,9,1
dc,48375,3213,9,1
bb,43179,2444,9,1
dc,43179,2205,9,1
bb,52525,2348,9,1
dc,52525,3874,9,1
bb,70550,4437,9,1
dc,70550,4089,9,1
bb,44022,3106,9,1
dc,44022,2112,9,1
bb,52024,2543,9,1
dc,52024,2722,9,1
bb,42927,2534,9,1
dc,42927,2202,9,1
bb,44612,2351,9,1
dc,44612,2746,9,1
bb,52749,2323,9,1
dc,52749,2838,9,1
bb,58336,3014,9,1
dc,58336,2629,9,1
bb,69834,3374,9,1
dc,69834,5324,9,1
bb,56226,3376,9,1
dc,56226,5379,9,1
bb,55356,2598,9,1
dc,55356,3130,9,1
bb,62115,2808,9,1
dc,62115,3358,9,1
bb,48901,2500,9,1
dc,48901,2173,9,1
bb,51031,2964,9,1
dc,51031,2285,9,1
bb,50744,2602,9,1
dc,50744,2777,9,1
bb,46565,3608,9,1
dc,46565,4239,9,1
bb,74802,4034,9,1
dc,74802,4072,9,1
bb,44225,2197,9,1
dc,44225,2414,9,1
bb,58749,2680,9,1
dc,58749,4602,9,1
bb,71632,3067,9,1
dc,71632,4053,9,1
bb,28699,1854,9,1
dc,28699,1337,9,1
bb,45422,2290,9,1
dc,45422,3609,9,1
bb,57084,2407,9,1
dc,57084,2679,9,1
bb,49639,2698,9,1
dc,49639,2222,9,1
bb,44420,2335,9,1
dc,44420,2939,9,1
bb,38244,2077,9,1
dc,38244,1633,9,1
bb,49512,2613,9,1
dc,49512,3666,9,1
bb,57980,3198,9,1
dc,57980,4204,9,1
bb,53434,2456,9,1
dc,53434,2860,9,1
bb,39004,1596,9,1
dc,39004,1767,9,1
bb,65230,2838,9,1
dc,65230,3923,9,1
bb,44101,4587,9,1
dc,44101,7938,9,1
bb,42439,2303,9,1
dc,42439,3241,9,1
bb,50502,3385,9,1
dc,50502,2245,9,1
bb,47025,2902,9,1
dc,47025,3049,9,1
bb,69651,3265,9,1
dc,69651,3525,9,1
bb,70044,2831,9,1
dc,70044,3932,9,1
bb,42395,2789,9,1
dc,42395,2133,9,1
bb,49421,2696,9,1
dc,49421,2508,9,1
bb,48952,2781,9,1
dc,48952,3363,9,1
bb,56337,2410,9,1
dc,56337,3401,9,1
bb,41454,2855,9,1
dc,41454,2491,9,1
bb,57980,2705,9,1
dc,57980,4119,9,1
bb,37686,1964,9,1
dc,37686,1791,9,1
bb,46539,2249,9,1
dc,46539,3031,9,1
bb,60917,3266,9,1
dc,60917,3289,9,1
bb,52284,2533,9,1
dc,52284,3243,9,1
bb,42124,2344,9,1
dc,42124,2298,9,1
bb,49886,2677,9,1
dc,49886,2256,9,1
bb,70626,3142,9,1
dc,70626,3495,9,1
bb,46681,2187,9,1
dc,46681,2476,9,1
bb,65486,3581,9,1
dc,65486,3042,9,1
bb,51576,2466,9,1
dc,51576,2769,9,1
bb,39987,1806,9,1
dc,39987,1871,9,1
bb,58691,2721,9,1
dc,58691,3273,9,1
bb,50524,2901,9,1
dc,50524,2604,9,1
bb,48907,2681,9,1
dc,48907,3628,9,1
bb,55623,2457,9,1
dc,55623,3557,9,1
bb,52509,2302,9,1
dc,52509,2271,9,1
bb,67995,3192,9,1
dc,67995,2850,9,1
bb,45441,2845,9,1
dc,45441,3706,9,1
bb,32472,1650,9,1
dc,32472,1744,9,1
bb,60756,2755,9,1
dc,60756,3192,9,1
bb,52333,2587,9,1
dc,52333,3139,9,1
bb,54181,2475,9,1
dc,54181,2362,9,1
bb,47540,2506,9,1
dc,47540,4108,9,1
bb,51660,2414,9,1
dc,51660,2976,9,1
bb,56849,2659,9,1
dc,56849,2952,9,1
bb,51935,2250,9,1
dc,51935,2801,9,1
bb,54827,4676,9,1
dc,54827,3454,9,1
bb,58940,3329,9,1
dc,58940,3592,9,1
bb,50363,2316,9,1
dc,50363,2977,9,1
bb,61700,4684,9,1
dc,61700,7987,9,1
bb,46818,5706,9,1
dc,46818,6513,9,1
bb,58507,4002,9,1
dc,58507,4180,9,1
bb,74743,4278,9,1
dc,74743,5298,9,1
bb,73037,2790,9,1
dc,73037,4381,9,1
bb,57486,2781,9,1
dc,57486,2570,9,1
bb,53020,2551,9,1
dc,53020,2738,9,1
bb,57796,2671,9,1
dc,57796,3085,9,1
bb,44471,2316,9,1
dc,44471,2432,9,1
bb,51371,2048,9,1
dc,51371,2962,9,1
bb,63699,2811,9,1
dc,63699,2943,9,1
bb,40705,1980,9,1
dc,40705,2254,9,1
bb,54983,3226,9,1
dc,54983,2621,9,1
bb,56253,2359,9,1
dc,56253,3003,9,1
bb,48728,2428,9,1
dc,48728,2670,9,1
bb,50099,3604,9,1
dc,50099,3697,9,1
bb,58230,2698,9,1
dc,58230,2615,9,1
bb,52038,2878,9,1
dc,52038,2354,9,1
bb,43397,2274,9,1
dc,43397,2161,9,1
bb,58380,2578,9,1
dc,58380,6422,9,1
bb,51304,2833,9,1
dc,51304,2812,9,1
bb,52574,2520,9,1
dc,52574,2346,9,1
bb,47318,2639,9,1
dc,47318,2339,9,1
bb,63017,2705,9,1
dc,63017,3875,9,1
bb,53532,2508,9,1
dc,53532,3225,9,1
bb,36223,1816,9,1
dc,36223,1471,9,1
bb,45092,2402,9,1
dc,45092,2483,9,1
bb,43349,2071,9,1
dc,43349,2726,9,1
bb,43150,3342,9,1
dc,43150,2364,9,1
bb,57807,2942,9,1
dc,57807,2499,9,1
bb,56865,3209,9,1
dc,56865,2631,9,1
bb,65450,2963,9,1
dc,65450,3124,9,1
bb,58825,2439,9,1
dc,58825,2940,9,1
bb,52932,2567,9,1
dc,52932,2975,9,1
bb,65394,3856,9,1
dc,65394,2844,9,1
bb,40561,1600,9,1
dc,40561,1660,9,1
bb,53098,3285,9,1
dc,53098,2719,9,1
bb,40503,2063,9,1
dc,40503,2267,9,1
bb,52505,2287,9,1
dc,52505,3261,9,1
bb,44732,2151,9,1
dc,44732,2576,9,1
bb,44848,2601,9,1
dc,44848,3610,9,1
bb,32508,1621,9,1
dc,32508,1466,9,1
bb,62125,3331,9,1
dc,62125,4043,9,1
bb,64990,2996,9,1
dc,64990,3084,9,1
bb,51949,2578,9,1
dc,51949,2480,9,1
bb,48088,2200,9,1
dc,48088,3167,9,1
bb,57437,2834,9,1
dc,57437,3486,9,1
bb,32954,1565,9,1
dc,32954,1381,9,1
bb,39670,1644,9,1
dc,39670,2854,9,1
bb,41486,2268,9,1
dc,41486,3165,9,1
bb,41639,2050,9,1
dc,41639,2401,9,1
bb,40642,1694,9,1
dc,40642,1869,9,1
bb,52560,2382,9,1
dc,52560,3210,9,1
bb,75238,2946,9,1
dc,75238,4724,9,1
bb,43613,2448,9,1
dc,43613,2899,9,1
bb,50326,2288,9,1
dc,50326,2757,9,1
bb,41953,1562,9,1
dc,41953,2264,9,1
bb,52718,2691,9,1
dc,52718,3194,9,1
bb,52195,2405,9,1
dc,52195,3397,9,1
bb,51911,3123,9,1
dc,51911,2226,9,1
bb,47842,2860,9,1
dc,47842,3919,9,1
bb,63061,3178,9,1
dc,63061,4168,9,1
bb,45209,2184,9,1
dc,45209,2748,9,1
bb,64743,2952,9,1
dc,64743,4035,9,1
bb,62028,2581,9,1
dc,62028,3393,9,1
bb,49303,2955,9,1
dc,49303,2913,9,1
bb,51942,2565,9,1
dc,51942,2672,9,1
bb,47689,2537,9,1
dc,47689,2427,9,1
bb,26188,1196,9,1
dc,26188,1129,9,1
bb,54933,2418,9,1
dc,54933,3100,9,1
bb,57802,2767,9,1
dc,57802,2248,9,1
bb,56158,2502,9,1
dc,56158,3323,9,1
bb,46683,2246,9,1
dc,46683,3088,9,1
bb,46985,2947,9,1
dc,46985,2297,9,1
bb,57691,2959,9,1
dc,57691,2517,9,1
bb,56095,2342,9,1
dc,56095,2670,9,1
bb,57731,2369,9,1
dc,57731,3875,9,1
bb,71346,3129,9,1
dc,71346,4431,9,1
bb,43234,2218,9,1
dc,43234,2120,9,1
bb,49836,2641,9,1
dc,49836,3215,9,1
bb,52576,3032,9,1
dc,52576,2539,9,1
bb,59553,2764,9,1
dc,59553,2725,9,1
bb,57176,3486,9,1
dc,57176,3089,9,1
bb,64713,2855,9,1
dc,64713,3495,9,1
bb,56019,2321,9,1
dc,56019,3395,9,1
bb,65783,3561,9,1
dc,65783,3237,9,1
bb,43119,2314,9,1
dc,43119,2085,9,1
bb,65810,3280,9,1
dc,65810,4026,9,1
bb,43865,2274,9,1
dc,43865,3172,9,1
bb,57173,2512,9,1
dc,57173,2888,9,1
bb,45684,2198,9,1
dc,45684,4133,9,1
bb,55127,3456,9,1
dc,55127,3325,9,1
bb,48469,2976,9,1
dc,48469,2304,9,1
bb,61390,2982,9,1
dc,61390,4013,9,1
bb,37413,2035,9,1
dc,37413,1486,9,1
bb,44968,2133,9,1
dc,44968,2937,9,1
bb,58107,2982,9,1
dc,58107,4039,9,1
bb,63636,2572,9,1
dc,63636,3755,9,1
bb,44531,2830,9,1
dc,44531,3101,9,1
bb,51961,2834,9,1
dc,51961,3464,9,1
bb,40779,1789,9,1
dc,40779,1626,9,1
bb,55987,2974,9,1
dc,55987,3110,9,1
bb,63485,5197,9,1
dc,63485,5709,9,1
bb,42874,2538,9,1
dc,42874,3063,9,1
bb,37058,2438,9,1
dc,37058,1557,9,1
bb,56761,3647,9,1
dc,56761,2987,9,1
bb,36434,2251,9,1
dc,36434,1524,9,1
bb,59579,2889,9,1
dc,59579,3432,9,1
bb,38567,1800,9,1
dc,38567,1643,9,1
bb,36975,1797,9,1
dc,36975,1658,9,1
bb,42916,2036,9,1
dc,42916,2243,9,1
bb,42639,2171,9,1
dc,42639,2051,9,1
bb,73084,2988,9,1
dc,73084,3795,9,1
bb,43430,2327,9,1
dc,43430,3079,9,1
bb,160535,10985,10,1
dc,160535,18075,10,1
bb,138911,8992,10,1
dc,138911,10183,10,1
bb,193816,15030,10,1
dc,193816,20819,10,1
bb,156385,10129,10,1
dc,156385,16046,10,1
bb,198510,17035,10,1
dc,198510,22631,10,1
bb,178340,16461,10,1
dc,178340,21556,10,1
bb,175343,16052,10,1
dc,175343,19603,10,1
bb,185681,16235,10,1
dc,185680,19898,10,1
bb,188693,14416,10,1
dc,188693,23818,10,1
bb,193246,14349,10,1
dc,193246,23013,10,1
bb,177707,16175,10,1
dc,177707,22010,10,1
bb,190073,15329,10,1
dc,190073,22105,10,1
bb,164801,14843,10,1
dc,164801,15823,10,1
bb,181338,13121,10,1
dc,181338,17776,10,1
bb,253881,16667,10,1
dc,253881,26079,10,1
bb,245229,16760,10,1
dc,245229,25889,10,1
bb,187603,15302,10,1
dc,187603,30405,10,1
bb,217103,17353,10,1
dc,217103,21995,10,1
bb,190098,14717,10,1
dc,190098,22945,10,1
bb,182950,14631,10,1
dc,182950,21529,10,1
bb,242004,13950,10,1
dc,242004,32203,10,1
bb,149296,8540,10,1
dc,149296,11959,10,1
bb,193004,15494,10,1
dc,193004,22515,10,1
bb,225719,12541,10,1
dc,225720,19843,10,1
bb,139286,8922,10,1
dc,139286,11014,10,1
bb,182081,15269,10,1
dc,182081,31452,10,1
bb,241967,16319,10,1
dc,241967,21844,10,1
bb,190542,14815,10,1
dc,190542,21376,10,1
bb,187437,13579,10,1
dc,187437,19403,10,1
bb,138655,9623,10,1
dc,138655,12134,10,1
bb,236033,16770,10,1
dc,236033,22153,10,1
bb,144114,8463,10,1
dc,144114,9858,10,1
bb,193818,19384,10,1
dc,193818,25221,10,1
bb,164056,12584,10,1
dc,164056,12330,10,1
bb,183677,17266,10,1
dc,183677,22675,10,1
bb,116669,8429,10,1
dc,116669,8874,10,1
bb,184986,13184,10,1
dc,184986,21345,10,1
bb,195601,13345,10,1
dc,195601,21043,10,1
bb,254444,20176,10,1
dc,254444,28056,10,1
bb,86686,5842,10,1
dc,86686,7809,10,1
bb,179707,13915,10,1
dc,179707,17245,10,1
bb,193726,14810,10,1
dc,193726,21595,10,1
bb,167645,9553,10,1
dc,167645,10942,10,1
bb,230666,18045,10,1
dc,230666,21389,10,1
bb,203905,20743,10,1
dc,203905,22560,10,1
bb,229784,17018,10,1
dc,229784,25755,10,1
bb,242063,14233,10,1
dc,242063,19795,10,1
bb,197783,16344,10,1
dc,197783,17317,10,1
bb,202776,21711,10,1
dc,202776,21582,10,1
bb,174779,13046,10,1
dc,174779,20863,10,1
bb,149091,10742,10,1
dc,149091,12292,10,1
bb,216719,15826,10,1
dc,216719,23706,10,1
bb,212667,16138,10,1
dc,212667,21065,10,1
bb,153955,10366,10,1
dc,153955,11730,10,1
bb,156510,8938,10,1
dc,156510,10660,10,1
bb,186962,15787,10,1
dc,186962,21367,10,1
bb,136926,9329,10,1
dc,136926,9019,10,1
bb,140422,7802,10,1
dc,140422,10887,10,1
bb,209703,17657,10,1
dc,209703,30828,10,1
bb,207398,15753,10,1
dc,207398,19503,10,1
bb,161584,9456,10,1
dc,161584,12462,10,1
bb,213189,16179,10,1
dc,213189,24805,10,1
bb,163705,9249,10,1
dc,163705,11953,10,1
bb,184911,22314,10,1
dc,184911,23672,10,1
bb,186200,17025,10,1
dc,186200,27693,10,1
bb,234481,19871,10,1
dc,234481,25402,10,1
bb,151882,9173,10,1
dc,151882,17887,10,1
bb,242399,15322,10,1
dc,242399,23716,10,1
bb,189811,12728,10,1
dc,189811,19644,10,1
bb,249353,16865,10,1
dc,249353,22975,10,1
bb,234137,22387,10,1
dc,234137,31746,10,1
bb,220914,17203,10,1
dc,220914,22560,10,1
bb,175513,11808,10,1
dc,175513,20273,10,1
bb,212388,18490,10,1
dc,212388,26007,10,1
bb,195108,14377,10,1
dc,195108,27684,10,1
bb,129200,7359,10,1
dc,129200,10316,10,1
bb,228485,14693,10,1
dc,228485,21135,10,1
bb,205831,16952,10,1
dc,205831,20735,10,1
bb,160814,11368,10,1
dc,160814,11729,10,1
bb,174977,15361,10,1
dc,174977,27553,10,1
bb,218995,12570,10,1
dc,218995,19317,10,1
bb,198949,14878,10,1
dc,198949,19186,10,1
bb,172406,9978,10,1
dc,172406,11146,10,1
bb,176811,13871,10,1
dc,176811,18226,10,1
bb,207350,16969,10,1
dc,207350,27548,10,1
bb,161368,8206,10,1
dc,161368,12118,10,1
bb,218671,14321,10,1
dc,218671,23219,10,1
bb,225575,15708,10,1
dc,225575,24845,10,1
bb,164064,10269,10,1
dc,164064,10875,10,1
bb,235085,18012,10,1
dc,235085,24135,10,1
bb,204984,11946,10,1
dc,204984,17325,10,1
bb,198790,14566,10,1
dc,198790,19428,10,1
bb,212450,17095,10,1
dc,212450,20656,10,1
bb,118165,8647,10,1
dc,118165,20032,10,1
bb,237482,18752,10,1
dc,237482,24844,10,1
bb,203996,19128,10,1
dc,203996,25246,10,1
bb,171085,10748,10,1
dc,171085,17436,10,1
bb,181145,18094,10,1
dc,181145,34411,10,1
bb,151479,8695,10,1
dc,151479,10867,10,1
bb,165635,8863,10,1
dc,165635,11328,10,1
bb,194108,17373,10,1
dc,194108,21328,10,1
bb,210450,16791,10,1
dc,210450,21725,10,1
bb,191565,19410,10,1
dc,191565,21253,10,1
bb,184457,10377,10,1
dc,184457,20057,10,1
bb,138545,7917,10,1
dc,138545,10293,10,1
bb,191185,13402,10,1
dc,191185,18284,10,1
bb,187834,16260,10,1
dc,187834,20857,10,1
bb,182467,22951,10,1
dc,182467,24386,10,1
bb,225242,13785,10,1
dc,225242,23870,10,1
bb,221688,17057,10,1
dc,221688,20569,10,1
bb,198454,16879,10,1
dc,198454,20872,10,1
bb,192031,23798,10,1
dc,192031,20724,10,1
bb,181668,16802,10,1
dc,181668,21156,10,1
bb,127166,9278,10,1
dc,127166,9974,10,1
bb,209124,17340,10,1
dc,209124,26598,10,1
bb,183807,15762,10,1
dc,183807,30357,10,1
bb,210762,15248,10,1
dc,210762,27383,10,1
bb,164074,10537,10,1
dc,164074,12371,10,1
bb,177107,16071,10,1
dc,177107,23664,10,1
bb,208416,16531,10,1
dc,208416,30341,10,1
bb,123922,7622,10,1
dc,123922,8581,10,1
bb,171996,9461,10,1
dc,171996,12362,10,1
bb,150615,9106,10,1
dc,150615,12717,10,1
bb,256835,21197,10,1
dc,256835,32489,10,1
bb,172633,10205,10,1
dc,172633,18634,10,1
bb,180072,14347,10,1
dc,180072,19173,10,1
bb,138662,7999,10,1
dc,138662,9766,10,1
bb,247665,20199,10,1
dc,247665,25035,10,1
bb,127217,9383,10,1
dc,127217,9121,10,1
bb,162500,9280,10,1
dc,162500,14007,10,1
bb,187920,15990,10,1
dc,187920,20331,10,1
bb,202012,14234,10,1
dc,202012,21977,10,1
bb,235099,18514,10,1
dc,235099,27420,10,1
bb,193283,17165,10,1
dc,193283,26935,10,1
bb,167073,9239,10,1
dc,167073,12401,10,1
bb,188009,15238,10,1
dc,188009,19351,10,1
bb,204703,13593,10,1
dc,204703,22172,10,1
bb,188279,16460,10,1
dc,188279,22535,10,1
bb,207192,25452,10,1
dc,207192,23472,10,1
bb,188848,16620,10,1
dc,188848,26401,10,1
bb,197337,19425,10,1
dc,197337,28731,10,1
bb,243673,16238,10,1
dc,243673,32204,10,1
bb,153913,10060,10,1
dc,153913,14447,10,1
bb,168873,8461,10,1
dc,168873,12569,10,1
bb,236774,17840,10,1
dc,236774,22293,10,1
bb,168780,9685,10,1
dc,168780,11698,10,1
bb,198096,14494,10,1
dc,198096,28074,10,1
bb,185928,15334,10,1
dc,185928,23819,10,1
bb,154484,9358,10,1
dc,154484,12452,10,1
bb,158620,9370,10,1
dc,158620,14693,10,1
bb,190162,15546,10,1
dc,190162,20114,10,1
bb,171095,13106,10,1
dc,171095,13796,10,1
bb,205505,12486,10,1
dc,205505,18571,10,1
bb,117387,8951,10,1
dc,117387,7562,10,1
bb,161904,9100,10,1
dc,161904,11617,10,1
bb,200422,15139,10,1
dc,200422,20946,10,1
bb,192183,15970,10,1
dc,192183,19688,10,1
bb,185027,13414,10,1
dc,185027,18886,10,1
bb,175294,11468,10,1
dc,175294,18442,10,1
bb,235482,17465,10,1
dc,235482,21594,10,1
bb,163764,8538,10,1
dc,163764,10593,10,1
bb,153764,7228,10,1
dc,153764,10341,10,1
bb,142867,9651,10,1
dc,142867,13209,10,1
bb,222346,14667,10,1
dc,222346,21225,10,1
bb,132926,8862,10,1
dc,132926,10432,10,1
bb,116900,5849,10,1
dc,116900,7614,10,1
bb,158261,9094,10,1
dc,158261,11037,10,1
bb,182209,14828,10,1
dc,182209,20553,10,1
bb,175468,14571,10,1
dc,175468,19363,10,1
bb,162756,8582,10,1
dc,162756,12063,10,1
bb,136746,7097,10,1
dc,136746,10727,10,1
bb,141478,6955,10,1
dc,141478,10524,10,1
bb,188413,18137,10,1
dc,188413,20870,10,1
bb,168540,8230,10,1
dc,168540,15249,10,1
bb,207221,12980,10,1
dc,207221,19492,10,1
bb,166754,9944,10,1
dc,166754,12463,10,1
bb,254974,16537,10,1
dc,254974,25331,10,1
bb,139500,7325,10,1
dc,139500,8830,10,1
bb,221831,20042,10,1
dc,221831,31019,10,1
bb,229177,16380,10,1
dc,229177,23399,10,1
bb,280663,19565,10,1
dc,280663,31774,10,1
bb,188520,17137,10,1
dc,188520,25062,10,1
bb,182444,17499,10,1
dc,182444,17943,10,1
bb,201624,15841,10,1
dc,201624,19378,10,1
bb,259129,19464,10,1
dc,259129,23992,10,1
bb,194223,13171,10,1
dc,194223,17295,10,1
bb,242682,18047,10,1
dc,242682,23114,10,1
bb,138936,9976,10,1
dc,138936,12236,10,1
bb,173814,11561,10,1
dc,173814,18276,10,1
bb,117352,9265,10,1
dc,117352,8292,10,1
bb,185441,20286,10,1
dc,185441,24769,10,1
bb,223910,16046,10,1
dc,223910,23394,10,1
bb,191194,18300,10,1
dc,191194,22522,10,1
bb,242256,17277,10,1
dc,242256,21822,10,1
bb,164933,8768,10,1
dc,164933,12343,10,1
bb,229586,15847,10,1
dc,229586,23025,10,1
bb,225829,17168,10,1
dc,225829,25429,10,1
bb,158745,9047,10,1
dc,158745,14287,10,1
bb,267583,18074,10,1
dc,267583,27083,10,1
bb,233771,18288,10,1
dc,233771,24541,10,1
bb,176156,13391,10,1
dc,176156,17704,10,1
bb,195940,14204,10,1
dc,195940,18431,10,1
bb,196322,15282,10,1
dc,196322,20418,10,1
bb,210625,19146,10,1
dc,210625,26171,10,1
bb,146777,10162,10,1
dc,146777,10477,10,1
bb,197781,14447,10,1
dc,197781,20982,10,1
bb,206625,11840,10,1
dc,206625,18300,10,1
bb,225736,15266,10,1
dc,225736,27324,10,1
bb,186090,13393,10,1
dc,186090,20902,10,1
bb,171998,10382,10,1
dc,171998,13649,10,1
bb,206927,19650,10,1
dc,206927,32137,10,1
bb,132076,14562,10,1
dc,132076,20840,10,1
bb,144702,11801,10,1
dc,144702,17096,10,1
bb,200227,17416,10,1
dc,200227,25114,10,1
bb,219829,20705,10,1
dc,219829,19296,10,1
bb,216350,14935,10,1
dc,216350,24475,10,1
bb,173176,17515,10,1
dc,173176,21485,10,1
bb,177811,13187,10,1
dc,177811,18704,10,1
bb,179004,17004,10,1
dc,179004,18165,10,1
bb,175981,15571,10,1
dc,175981,16349,10,1
bb,193663,17726,10,1
dc,193663,28723,10,1
bb,142226,11493,10,1
dc,142226,12084,10,1
bb,269945,20815,10,1
dc,269945,30027,10,1
bb,173257,13512,10,1
dc,173257,17014,10,1
bb,197957,17355,10,1
dc,197957,19920,10,1
bb,154027,7144,10,1
dc,154027,11073,10,1
bb,159384,10700,10,1
dc,159384,12643,10,1
bb,240513,13861,10,1
dc,240513,20508,10,1
bb,198250,16365,10,1
dc,198250,17572,10,1
bb,196678,10891,10,1
dc,196678,18489,10,1
bb,239015,17684,10,1
dc,239015,28269,10,1
bb,179666,25018,10,1
dc,179666,34720,10,1
bb,201288,32451,10,1
dc,201288,36008,10,1
bb,215245,21630,10,1
dc,215245,29431,10,1
bb,162559,7749,10,1
dc,162559,10344,10,1
bb,226424,16140,10,1
dc,226424,19666,10,1
bb,158673,8186,10,1
dc,158673,10360,10,1
bb,159444,10089,10,1
dc,159444,16660,10,1
bb,190429,23533,10,1
dc,190429,37487,10,1
bb,172478,18099,10,1
dc,172478,24103,10,1
bb,309977,30345,10,1
dc,309977,43605,10,1
bb,209198,16101,10,1
dc,209198,20441,10,1
bb,194640,13825,10,1
dc,194640,21828,10,1
bb,160897,10239,10,1
dc,160897,14151,10,1
bb,172490,9478,10,1
dc,172490,15804,10,1
bb,227553,16052,10,1
dc,227553,23030,10,1
bb,123273,10696,10,1
dc,123273,16275,10,1
bb,167762,9955,10,1
dc,167762,15169,10,1
bb,176213,22945,10,1
dc,176213,19247,10,1
bb,204131,15089,10,1
dc,204131,18786,10,1
bb,201894,16896,10,1
dc,201894,18560,10,1
bb,160759,8949,10,1
dc,160759,12814,10,1
bb,187536,17240,10,1
dc,187536,19881,10,1
bb,189180,12549,10,1
dc,189180,17674,10,1
bb,217921,11884,10,1
dc,217921,17470,10,1
bb,178410,13572,10,1
dc,178410,20176,10,1
bb,191855,11904,10,1
dc,191855,17016,10,1
bb,188879,18276,10,1
dc,188879,30155,10,1
bb,152056,7583,10,1
dc,152056,10978,10,1
bb,254813,21244,10,1
dc,254813,26994,10,1
bb,126163,7680,10,1
dc,126163,8524,10,1
bb,138619,6448,10,1
dc,138619,8543,10,1
bb,127111,7630,10,1
dc,127111,8387,10,1
bb,180857,20662,10,1
dc,180857,19952,10,1
bb,199145,13984,10,1
dc,199145,17041,10,1
bb,175297,15599,10,1
dc,175297,19369,10,1
bb,188434,15765,10,1
dc,188434,24842,10,1
bb,209929,16342,10,1
dc,209929,26195,10,1
bb,187540,15344,10,1
dc,187540,18772,10,1
bb,208642,20855,10,1
dc,208642,21158,10,1
bb,145532,10645,10,1
dc,145532,13183,10,1
bb,172805,12083,10,1
dc,172805,15234,10,1
bb,180484,18421,10,1
dc,180484,19952,10,1
bb,168094,9893,10,1
dc,168094,11765,10,1
bb,184730,15022,10,1
dc,184730,16313,10,1
bb,211612,15857,10,1
dc,211612,22437,10,1
bb,152948,8629,10,1
dc,152948,10291,10,1
bb,281996,22191,10,1
dc,281996,24048,10,1
bb,166252,9014,10,1
dc,166252,11634,10,1
bb,173278,16435,10,1
dc,173278,16115,10,1
bb,194188,16906,10,1
dc,194188,21291,10,1
bb,220928,16959,10,1
dc,220928,26443,10,1
bb,187099,13357,10,1
dc,187099,20029,10,1
bb,226603,15604,10,1
dc,226603,22096,10,1
bb,152785,7903,10,1
dc,152785,10644,10,1
bb,155004,10813,10,1
dc,155004,12155,10,1
bb,221385,18675,10,1
dc,221385,31455,10,1
bb,137969,7088,10,1
dc,137969,10337,10,1
bb,131227,6842,10,1
dc,131227,8492,10,1
bb,146265,9966,10,1
dc,146265,11447,10,1
bb,142447,7769,10,1
dc,142447,10612,10,1
bb,194876,16405,10,1
dc,194876,19578,10,1
bb,214637,16390,10,1
dc,214637,19948,10,1
bb,186248,14333,10,1
dc,186248,17831,10,1
bb,196161,9435,10,1
dc,196161,16419,10,1
bb,144428,9506,10,1
dc,144428,11521,10,1
bb,171166,9392,10,1
dc,171166,12633,10,1
bb,183161,15552,10,1
dc,183161,22564,10,1
bb,149376,8163,10,1
dc,149376,11048,10,1
bb,173277,11196,10,1
dc,173277,17161,10,1
bb,726746,97458,11,1
dc,726746,154706,11,1
bb,727030,241900,11,1
dc,727030,173259,11,1
bb,645509,69725,11,1
dc,645509,102280,11,1
bb,799807,83177,11,1
dc,799807,133797,11,1
bb,563315,53208,11,1
dc,563315,83364,11,1
bb,915977,92790,11,1
dc,915977,152632,11,1
bb,584257,54908,11,1
dc,584257,83081,11,1
bb,555046,58822,11,1
dc,555046,84988,11,1
bb,509935,54133,11,1
dc,509935,88613,11,1
bb,857979,97657,11,1
dc,857979,161860,11,1
bb,605255,62614,11,1
dc,605255,83226,11,1
bb,572874,52820,11,1
dc,572874,81053,11,1
bb,647227,64778,11,1
dc,647227,101489,11,1
bb,845384,103826,11,1
dc,845384,158130,11,1
bb,369219,40682,11,1
dc,369219,64142,11,1
bb,544266,72290,11,1
dc,544266,88906,11,1
bb,639626,67221,11,1
dc,639626,94408,11,1
bb,630981,40408,11,1
dc,630981,81244,11,1
bb,728649,93435,11,1
dc,728649,148807,11,1
bb,670580,54331,11,1
dc,670580,99398,11,1
bb,623414,60674,11,1
dc,623414,78474,11,1
bb,732987,112079,11,1
dc,732987,179599,11,1
bb,702429,69162,11,1
dc,702429,102778,11,1
bb,694571,132605,11,1
dc,694571,151964,11,1
bb,671440,55338,11,1
dc,671440,121934,11,1
bb,838263,91286,11,1
dc,838263,157959,11,1
bb,578893,61945,11,1
dc,578893,101148,11,1
bb,529105,79330,11,1
dc,529105,126429,11,1
bb,596325,47903,11,1
dc,596325,84442,11,1
bb,786884,117706,11,1
dc,786884,175526,11,1
bb,682510,68746,11,1
dc,682510,107761,11,1
bb,668279,53316,11,1
dc,668279,94488,11,1
bb,749101,84302,11,1
dc,749101,161506,11,1
bb,452288,43920,11,1
dc,452288,64658,11,1
bb,503845,36977,11,1
dc,503845,69361,11,1
bb,712142,62774,11,1
dc,712142,108698,11,1
bb,894443,78058,11,1
dc,894443,125755,11,1
bb,894005,79850,11,1
dc,894005,128450,11,1
bb,817898,104072,11,1
dc,817898,162954,11,1
bb,747474,82914,11,1
dc,747474,172891,11,1
bb,835022,104521,11,1
dc,835022,175471,11,1
bb,915541,118651,11,1
dc,915541,173830,11,1
bb,737722,94142,11,1
dc,737722,134870,11,1
bb,580266,67942,11,1
dc,580266,96998,11,1
bb,589444,64752,11,1
dc,589444,108504,11,1
bb,847579,93247,11,1
dc,847579,141275,11,1
bb,631889,53613,11,1
dc,631889,87622,11,1
bb,868194,91792,11,1
dc,868194,163477,11,1
bb,465977,53091,11,1
dc,465977,73995,11,1
bb,780335,100084,11,1
dc,780335,152678,11,1
bb,670525,66079,11,1
dc,670525,99587,11,1
bb,927966,89905,11,1
dc,927966,139963,11,1
bb,743402,74295,11,1
dc,743402,138628,11,1
bb,987294,75972,11,1
dc,987294,134384,11,1
bb,483516,50937,11,1
dc,483516,67830,11,1
bb,496003,66742,11,1
dc,496003,80132,11,1
bb,662665,67073,11,1
dc,662665,87454,11,1
bb,828375,95927,11,1
dc,828375,160497,11,1
bb,612065,65040,11,1
dc,612065,88905,11,1
bb,645799,53262,11,1
dc,645799,82350,11,1
bb,799781,102397,11,1
dc,799781,135863,11,1
bb,724551,83623,11,1
dc,724551,147464,11,1
bb,589614,59110,11,1
dc,589614,83618,11,1
bb,654495,70032,11,1
dc,654495,108274,11,1
bb,648159,58566,11,1
dc,648159,81408,11,1
bb,686780,57821,11,1
dc,686779,82976,11,1
bb,713794,83392,11,1
dc,713794,137879,11,1
bb,830793,110037,11,1
dc,830793,162730,11,1
bb,676259,58843,11,1
dc,676259,92177,11,1
bb,857277,101191,11,1
dc,857277,156393,11,1
bb,656957,67728,11,1
dc,656957,126575,11,1
bb,862083,115047,11,1
dc,862083,170625,11,1
bb,476139,47156,11,1
dc,476139,79531,11,1
bb,595691,65058,11,1
dc,595691,100441,11,1
bb,651365,61897,11,1
dc,651365,99937,11,1
bb,848558,114702,11,1
dc,848558,159348,11,1
bb,555862,57564,11,1
dc,555862,92826,11,1
bb,780215,111478,11,1
dc,780215,159530,11,1
bb,513708,58567,11,1
dc,513708,87008,11,1
bb,760813,83509,11,1
dc,760813,149460,11,1
bb,1059828,102492,11,1
dc,1059828,173035,11,1
bb,1075946,121353,11,1
dc,1075946,190603,11,1
bb,516058,48685,11,1
dc,516058,74897,11,1
bb,604665,66085,11,1
dc,604665,89349,11,1
bb,691350,54297,11,1
dc,691350,89193,11,1
bb,435855,49989,11,1
dc,435855,72732,11,1
bb,401326,55816,11,1
dc,401326,68510,11,1
bb,935515,120145,11,1
dc,935515,183251,11,1
bb,659207,65992,11,1
dc,659207,104402,11,1
bb,803588,104325,11,1
dc,803588,156131,11,1
bb,622869,57420,11,1
dc,622869,105064,11,1
bb,584734,57264,11,1
dc,584735,83096,11,1
bb,846486,105758,11,1
dc,846486,144617,11,1
bb,676196,65418,11,1
dc,676196,106191,11,1
bb,881286,112489,11,1
dc,881286,161571,11,1
bb,697273,69237,11,1
dc,697273,118074,11,1
bb,733017,75170,11,1
dc,733017,130914,11,1
bb,926065,88824,11,1
dc,926065,153094,11,1
bb,617631,60416,11,1
dc,617631,85204,11,1
bb,872136,114990,11,1
dc,872136,148067,11,1
bb,491913,43531,11,1
dc,491913,69983,11,1
bb,717635,91540,11,1
dc,717635,134378,11,1
bb,917687,101974,11,1
dc,917687,130303,11,1
bb,633765,67536,11,1
dc,633765,91103,11,1
bb,670888,56681,11,1
dc,670888,102624,11,1
bb,754263,89956,11,1
dc,754263,139985,11,1
bb,580758,46557,11,1
dc,580758,79674,11,1
bb,562782,58613,11,1
dc,562782,91757,11,1
bb,555311,55226,11,1
dc,555311,70745,11,1
bb,638288,54357,11,1
dc,638288,86501,11,1
bb,549642,48200,11,1
dc,549643,79478,11,1
bb,605460,58863,11,1
dc,605460,95205,11,1
bb,778621,97756,11,1
dc,778621,145195,11,1
bb,773653,105828,11,1
dc,773653,148398,11,1
bb,603970,56166,11,1
dc,603970,104361,11,1
bb,513775,47724,11,1
dc,513775,89385,11,1
bb,733637,82152,11,1
dc,733637,151979,11,1
bb,496257,37441,11,1
dc,496257,56291,11,1
bb,786377,80166,11,1
dc,786377,144691,11,1
bb,890919,94448,11,1
dc,890919,174812,11,1
bb,639309,66026,11,1
dc,639309,112831,11,1
bb,724796,100072,11,1
dc,724796,207314,11,1
bb,616652,53963,11,1
dc,616652,85341,11,1
bb,649452,68110,11,1
dc,649452,115601,11,1
bb,534378,63726,11,1
dc,534378,103128,11,1
bb,826307,112095,11,1
dc,826307,156800,11,1
bb,454099,60371,11,1
dc,454099,94430,11,1
bb,922140,137763,11,1
dc,922140,202920,11,1
bb,546214,52654,11,1
dc,546214,81018,11,1
bb,924891,100386,11,1
dc,924891,154418,11,1
bb,724414,108730,11,1
dc,724414,154626,11,1
bb,489112,41130,11,1
dc,489112,66152,11,1
bb,841080,109836,11,1
dc,841080,175989,11,1
bb,1003417,116361,11,1
dc,1003417,194342,11,1
bb,663939,65252,11,1
dc,663939,109839,11,1
bb,797730,83294,11,1
dc,797730,167249,11,1
bb,900160,84672,11,1
dc,900160,168243,11,1
bb,772766,109737,11,1
dc,772766,153873,11,1
bb,477412,55060,11,1
dc,477413,79821,11,1
bb,810744,114295,11,1
dc,810744,172237,11,1
bb,787850,99605,11,1
dc,787850,151458,11,1
bb,575670,52058,11,1
dc,575670,91330,11,1
bb,778010,100450,11,1
dc,778010,165172,11,1
bb,970930,93691,11,1
dc,970930,154112,11,1
bb,880530,106454,11,1
dc,880530,167382,11,1
bb,740801,68488,11,1
dc,740801,138410,11,1
bb,551749,59488,11,1
dc,551749,79326,11,1
bb,676825,73247,11,1
dc,676825,114372,11,1
bb,645180,44023,11,1
dc,645180,84230,11,1
bb,568350,50118,11,1
dc,568350,78496,11,1
bb,688414,68006,11,1
dc,688414,111714,11,1
bb,412362,56116,11,1
dc,412362,82474,11,1
bb,892644,77083,11,1
dc,892644,166693,11,1
bb,481793,67727,11,1
dc,481793,82676,11,1
bb,813361,82353,11,1
dc,813362,129401,11,1
bb,581408,52711,11,1
dc,581408,87995,11,1
bb,738322,84809,11,1
dc,738322,152186,11,1
bb,731856,99504,11,1
dc,731856,140048,11,1
bb,738219,119000,11,1
dc,738219,150322,11,1
bb,629372,57687,11,1
dc,629372,91141,11,1
bb,808190,75484,11,1
dc,808190,136088,11,1
bb,703794,68127,11,1
dc,703794,97690,11,1
bb,691382,71469,11,1
dc,691382,101732,11,1
bb,753267,86428,11,1
dc,753267,143080,11,1
bb,586958,38300,11,1
dc,586958,79832,11,1
bb,434616,50693,11,1
dc,434616,78892,11,1
bb,794384,98541,11,1
dc,794384,162993,11,1
bb,661706,77820,11,1
dc,661706,115968,11,1
bb,613060,53962,11,1
dc,613060,98616,11,1
bb,540584,69955,11,1
dc,540584,90647,11,1
bb,831105,96528,11,1
dc,831105,166664,11,1
bb,750129,91433,11,1
dc,750129,154161,11,1
bb,679284,88303,11,1
dc,679284,125000,11,1
bb,590232,56188,11,1
dc,590232,96508,11,1
bb,711994,64770,11,1
dc,711994,122822,11,1
bb,782170,96738,11,1
dc,782170,145217,11,1
bb,932963,117348,11,1
dc,932963,174535,11,1
bb,787283,107216,11,1
dc,787283,168584,11,1
bb,564211,73902,11,1
dc,564211,100085,11,1
bb,940036,106415,11,1
dc,940036,164641,11,1
bb,494058,50829,11,1
dc,494058,81595,11,1
bb,639971,58663,11,1
dc,639971,96138,11,1
bb,708359,54460,11,1
dc,708359,104318,11,1
bb,809976,84924,11,1
dc,809976,154033,11,1
bb,728962,101618,11,1
dc,728962,133064,11,1
bb,589794,66581,11,1
dc,589794,102141,11,1
bb,749677,90341,11,1
dc,749677,145042,11,1
bb,617040,62495,11,1
dc,617040,100629,11,1
bb,745073,105916,11,1
dc,745073,152190,11,1
bb,711721,67008,11,1
dc,711721,102451,11,1
bb,783627,77164,11,1
dc,783627,132545,11,1
bb,721014,110531,11,1
dc,721014,158609,11,1
bb,723541,72997,11,1
dc,723541,150698,11,1
bb,882678,84718,11,1
dc,882678,154210,11,1
bb,629180,52543,11,1
dc,629180,93085,11,1
bb,607185,49714,11,1
dc,607185,97186,11,1
bb,762629,102644,11,1
dc,762629,163539,11,1
bb,1006255,114696,11,1
dc,1006255,174793,11,1
bb,872011,121706,11,1
dc,872011,189794,11,1
bb,576172,61477,11,1
dc,576172,95114,11,1
bb,608190,47246,11,1
dc,608190,86879,11,1
bb,751677,124371,11,1
dc,751677,165822,11,1
bb,612252,74328,11,1
dc,612252,119551,11,1
bb,690811,73005,11,1
dc,690811,109336,11,1
bb,983512,107725,11,1
dc,983512,209047,11,1
bb,434987,66456,11,1
dc,434987,62891,11,1
bb,581856,108542,11,1
dc,581856,149841,11,1
bb,912699,163374,11,1
dc,912699,215122,11,1
bb,904444,106367,11,1
dc,904444,162782,11,1
bb,801452,83956,11,1
dc,801452,172257,11,1
bb,835692,98168,11,1
dc,835691,185006,11,1
bb,645740,58883,11,1
dc,645740,94373,11,1
bb,1069987,103567,11,1
dc,1069987,180179,11,1
bb,897486,168224,11,1
dc,897486,176306,11,1
bb,565111,92308,11,1
dc,565111,141142,11,1
bb,604803,85351,11,1
dc,604803,173697,11,1
bb,686585,91553,11,1
dc,686585,123750,11,1
bb,652743,63865,11,1
dc,652743,97255,11,1
bb,672798,103261,11,1
dc,672798,150290,11,1
bb,536924,75878,11,1
dc,536924,134809,11,1
bb,717671,131553,11,1
dc,717671,182286,11,1
bb,640216,62964,11,1
dc,640216,118768,11,1
bb,760717,168917,11,1
dc,760717,228148,11,1
bb,673462,100365,11,1
dc,673462,149433,11,1
bb,573687,58610,11,1
dc,573687,135662,11,1
bb,712076,86079,11,1
dc,712076,178681,11,1
bb,880126,115024,11,1
dc,880126,161094,11,1
bb,686005,92253,11,1
dc,686005,134508,11,1
bb,588234,80448,11,1
dc,588234,170872,11,1
bb,809651,161389,11,1
dc,809651,234713,11,1
bb,642899,75566,11,1
dc,642899,118431,11,1
bb,696975,74872,11,1
dc,696975,156040,11,1
bb,400978,55511,11,1
dc,400978,118774,11,1
bb,480201,64074,11,1
dc,480201,90069,11,1
bb,882244,176100,11,1
dc,882244,248657,11,1
bb,872874,137296,11,1
dc,872874,204145,11,1
bb,621927,89575,11,1
dc,621927,208712,11,1
bb,395608,76628,11,1
dc,395608,104074,11,1
bb,600406,69773,11,1
dc,600406,141512,11,1
bb,790774,194814,11,1
dc,790774,215848,11,1
bb,411362,67846,11,1
dc,411361,127886,11,1
bb,751332,149640,11,1
dc,751332,204833,11,1
bb,691311,63513,11,1
dc,691311,93645,11,1
bb,653250,70022,11,1
dc,653250,126262,11,1
bb,998680,95859,11,1
dc,998680,178958,11,1
bb,447874,56553,11,1
dc,447874,89648,11,1
bb,821147,107009,11,1
dc,821147,179705,11,1
bb,658303,36026,11,1
dc,658303,98492,11,1
bb,881897,157869,11,1
dc,881897,224035,11,1
bb,798159,121022,11,1
dc,798159,207218,11,1
bb,624808,82402,11,1
dc,624808,152935,11,1
bb,497068,78432,11,1
dc,497068,109958,11,1
bb,794693,131534,11,1
dc,794693,189330,11,1
bb,804341,97672,11,1
dc,804341,141635,11,1
bb,731873,76535,11,1
dc,731873,159993,11,1
bb,848554,96586,11,1
dc,848554,183242,11,1
bb,739964,111533,11,1
dc,739964,161185,11,1
bb,731365,125827,11,1
dc,731365,153541,11,1
bb,610808,67856,11,1
dc,610808,98408,11,1
bb,537899,54378,11,1
dc,537899,122189,11,1
bb,989346,91507,11,1
dc,989346,246765,11,1
bb,787969,121937,11,1
dc,787969,213669,11,1
bb,548577,54306,11,1
dc,548577,78026,11,1
bb,605131,88088,11,1
dc,605131,155301,11,1
bb,399726,69435,11,1
dc,399726,92799,11,1
bb,540653,63603,11,1
dc,540653,98260,11,1
bb,752261,123032,11,1
dc,752261,188195,11,1
bb,787805,116652,11,1
dc,787805,245448,11,1
bb,707200,109118,11,1
dc,707200,179871,11,1
bb,780304,94850,11,1
dc,780304,189058,11,1
bb,741381,127231,11,1
dc,741381,256816,11,1
bb,837865,146034,11,1
dc,837865,208889,11,1
bb,559191,89264,11,1
dc,559191,120503,11,1
bb,933309,128238,11,1
dc,933309,165761,11,1
bb,496086,49465,11,1
dc,496086,118855,11,1
bb,671799,88124,11,1
dc,671800,145728,11,1
bb,776543,127921,11,1
dc,776543,154910,11,1
bb,746232,138075,11,1
dc,746232,154112,11,1
bb,725381,111041,11,1
dc,725381,211733,11,1
bb,768394,133959,11,1
dc,768394,181224,11,1
bb,630975,76709,11,1
dc,630975,113310,11,1
bb,686552,73106,11,1
dc,686552,153892,11,1
bb,446011,46340,11,1
dc,446011,71249,11,1
bb,882098,81825,11,1
dc,882098,200611,11,1
bb,688191,61661,11,1
dc,688191,119452,11,1
bb,690896,72611,11,1
dc,690896,122519,11,1
bb,774933,126965,11,1
dc,774933,244025,11,1
bb,569553,64500,11,1
dc,569553,142672,11,1
bb,662720,70726,11,1
dc,662720,120594,11,1
bb,730129,73442,11,1
dc,730129,148916,11,1
bb,519639,49285,11,1
dc,519639,74461,11,1
bb,755288,106132,11,1
dc,755288,152155,11,1
bb,737669,125899,11,1
dc,737670,210296,11,1
bb,549796,76229,11,1
dc,549796,125066,11,1
bb,862102,76036,11,1
dc,862102,189741,11,1
bb,837188,106351,11,1
dc,837188,181047,11,1
bb,630807,61773,11,1
dc,630807,136658,11,1
bb,770831,141212,11,1
dc,770831,163681,11,1
bb,738840,144453,11,1
dc,738840,199152,11,1
bb,702057,73250,11,1
dc,702057,102829,11,1
